identifier,abs_difference,raw_difference,reason
35293745,0.76,0.76,ttr_form_chunks_200
39998633,0.4042963174421924,-0.4042963174421924,lexical_density
19082588,0.3758989865969271,0.3758989865969271,lexical_density
38361046,0.7,0.7,ttr_lemma_chunks_200
37440379,194.2,194.2,tokens_per_sent
28923010,0.695,0.695,ttr_lemma_chunks_200
37479682,0.71,0.71,ttr_lemma_chunks_200
37419762,0.76,0.76,ttr_form_chunks_200
39364053,11.455561981877771,-11.455561981877771,upos_dist_DET
33792610,12.0,12.0,n_sentences
18590625,13.196117574172227,-13.196117574172227,upos_dist_DET
38721346,0.3399999999999999,0.3399999999999999,ttr_form_chunks_100
36381040,0.705,0.705,ttr_lemma_chunks_200
18317092,28.571428571428573,28.571428571428573,subj_post
40132890,31.25,31.25,subj_post
35424391,10.7560677492579,-10.7560677492579,upos_dist_DET
36560391,70.0,-70.0,n_tokens
37139998,11.039121313093917,-11.039121313093917,upos_dist_DET
36242851,0.293828798938288,-0.293828798938288,lexical_density
12190171,1.511754692675745,-1.511754692675745,char_per_tok
37550948,0.745,0.745,ttr_form_chunks_200
30374945,11.0,11.0,n_sentences
26312069,1.2814208885072542,-1.2814208885072542,char_per_tok
27342793,0.755,0.755,ttr_form_chunks_200
40417076,115.0,-115.0,n_tokens
40328971,96.0,-96.0,n_tokens
38433524,18.0,18.0,n_sentences
35146483,27.77777777777778,27.77777777777778,subj_post
34271712,95.65217391304348,-95.65217391304348,subj_post
37761184,30.0,30.0,subj_post
35115601,1.3606374056471906,-1.3606374056471906,char_per_tok
35825863,12.0,12.0,n_sentences
39390582,0.715,0.715,ttr_lemma_chunks_200
26886462,49.5,-49.5,tokens_per_sent
37278786,1.2824746856570597,-1.2824746856570597,char_per_tok
40785769,10.0,10.0,n_sentences
36930238,0.695,0.695,ttr_lemma_chunks_200
33543994,0.74,0.74,ttr_form_chunks_200
34290157,100.0,100.0,subj_post
35504410,0.37,0.37,ttr_form_chunks_100
36693789,1.4589318911610611,-1.4589318911610611,char_per_tok
36420424,0.31,0.31,ttr_form_chunks_100
40371547,1.6365252730505464,1.6365252730505464,char_per_tok
38952592,28.571428571428573,28.571428571428573,subj_post
39763293,67.0,-67.0,n_tokens
26682563,71.0,-71.0,n_tokens
29240959,33.333333333333336,33.333333333333336,subj_post
39536428,0.735,0.735,ttr_lemma_chunks_200
39253773,140.75,-140.75,tokens_per_sent
39405419,11.853833990721274,-11.853833990721274,upos_dist_DET
38919983,11.109725426617612,-11.109725426617612,upos_dist_DET
37979973,75.0,-75.0,n_tokens
40548000,0.74,0.74,ttr_form_chunks_200
36543760,0.52,0.52,ttr_form_chunks_100
39031566,0.48,0.48,ttr_form_chunks_100
30089455,0.715,0.715,ttr_lemma_chunks_200
36009686,0.62,0.62,ttr_form_chunks_100
39844713,109.0,-109.0,n_tokens
35354845,12.487086776859504,-12.487086776859504,upos_dist_DET
31434380,67.0,-67.0,n_tokens
39112675,0.38,0.38,ttr_form_chunks_100
41011854,0.75,0.75,ttr_form_chunks_200
39245035,115.0,-115.0,n_tokens
39550227,0.725,0.725,ttr_lemma_chunks_200
35389006,0.69,0.69,ttr_lemma_chunks_200
38701068,0.7,0.7,ttr_lemma_chunks_200
13312164,11.286945242286668,-11.286945242286668,upos_dist_DET
33378386,0.3400000000000001,0.3400000000000001,ttr_form_chunks_100
40722014,0.75,0.75,ttr_form_chunks_200
37598792,14.0,14.0,n_sentences
38979982,55.15151515151514,-55.15151515151514,tokens_per_sent
33513976,0.74,0.74,ttr_form_chunks_200
39247881,0.3725490196078431,-0.3725490196078431,lexical_density
16336798,68.0,-68.0,n_tokens
39518320,69.0,-69.0,n_tokens
37331430,0.7,0.7,ttr_lemma_chunks_200
21817127,0.44,0.44,ttr_form_chunks_100
33960561,0.74,0.74,ttr_form_chunks_200
32933634,2.1404469273743016,-2.1404469273743016,char_per_tok
35379139,0.695,0.695,ttr_lemma_chunks_200
38946341,0.35,0.35,ttr_form_chunks_100
38248147,0.35,0.35,ttr_form_chunks_100
40335960,1.516100087166076,-1.516100087166076,char_per_tok
35971029,0.745,0.745,ttr_form_chunks_200
34982729,26.666666666666668,26.666666666666668,subj_post
40405681,0.4990248088625371,-0.4990248088625371,lexical_density
34073713,0.3269875715131189,0.3269875715131189,lexical_density
35134211,1.4637268847795166,-1.4637268847795166,char_per_tok
35971793,1.271132485972747,-1.271132485972747,char_per_tok
34218396,0.755,0.755,ttr_form_chunks_200
40681595,111.0,-111.0,n_tokens
35783841,0.2641229071032452,0.2641229071032452,lexical_density
30835975,151.57142857142856,151.57142857142856,tokens_per_sent
34781777,0.2894518865499415,0.2894518865499415,lexical_density
23710359,0.32,-0.32,ttr_form_chunks_100
38804634,0.35,0.35,ttr_form_chunks_100
17303471,12.32327681127505,-12.32327681127505,upos_dist_DET
40278355,0.4979539170506912,-0.4979539170506912,lexical_density
26505155,1.3408564814814818,-1.3408564814814818,char_per_tok
13349401,31.25,31.25,subj_post
33184171,75.0,-75.0,n_tokens
39109777,0.705,0.705,ttr_lemma_chunks_200
12208872,0.705,0.705,ttr_lemma_chunks_200
29362929,0.745,0.745,ttr_form_chunks_200
32984049,28.571428571428573,28.571428571428573,subj_post
33115331,11.0,11.0,n_sentences
40682691,37.30158730158729,37.30158730158729,subj_post
35252459,12.39272030651341,-12.39272030651341,upos_dist_DET
38930849,27.77777777777778,27.77777777777778,subj_post
39505965,12.68966027681149,-12.68966027681149,upos_dist_DET
38134860,0.32,0.32,ttr_form_chunks_100
37417048,156.44444444444443,-156.44444444444443,tokens_per_sent
35210714,11.0,11.0,n_sentences
25738708,27.77777777777778,27.77777777777778,subj_post
40610739,0.75,0.75,ttr_form_chunks_200
40416800,68.0,-68.0,n_tokens
24068786,10.924873371225305,-10.924873371225305,upos_dist_DET
35260399,172.0,172.0,tokens_per_sent
39315957,0.4990290612026248,-0.4990290612026248,lexical_density
36782941,75.0,-75.0,n_tokens
39692942,94.0,-94.0,n_tokens
38940092,0.745,0.745,ttr_form_chunks_200
33168556,0.74,0.74,ttr_form_chunks_200
39095205,127.375,-127.375,tokens_per_sent
36576440,11.27770057778103,-11.27770057778103,upos_dist_DET
40232724,15.833333333333334,-15.833333333333334,upos_dist_DET
21045428,0.735,0.735,ttr_form_chunks_200
17913357,11.647348085704248,-11.647348085704248,upos_dist_DET
25691072,73.0,-73.0,n_tokens
40704074,26.923076923076923,26.923076923076923,subj_post
26309852,0.755,0.755,ttr_form_chunks_200
17682392,0.38,0.38,ttr_form_chunks_100
29558087,13.0,13.0,n_sentences
39406372,112.0,-112.0,n_tokens
38745706,0.5,0.5,ttr_form_chunks_100
38111912,0.34,0.34,ttr_form_chunks_100
38520586,0.43,0.43,ttr_form_chunks_100
39298448,80.0,80.0,n_tokens
39307155,69.0,-69.0,n_tokens
23892715,10.914634146341465,-10.914634146341465,upos_dist_DET
39923393,41.66666666666666,41.66666666666666,subj_post
35737294,83.0,-83.0,n_tokens
33380453,12.398045445255748,-12.398045445255748,upos_dist_DET
32115647,1.4998148148148145,-1.4998148148148145,char_per_tok
35324497,0.705,0.705,ttr_lemma_chunks_200
38682968,11.0,11.0,n_sentences
22147960,27.77777777777778,27.77777777777778,subj_post
32215563,168.55555555555554,168.55555555555554,tokens_per_sent
35810170,31.25,31.25,subj_post
36002910,0.69,0.69,ttr_lemma_chunks_200
32263541,0.36,0.36,ttr_form_chunks_100
37326244,11.0049903297438,-11.0049903297438,upos_dist_DET
29831059,0.74,0.74,ttr_form_chunks_200
35706859,0.2853068855160175,0.2853068855160175,lexical_density
39390964,0.7,0.7,ttr_lemma_chunks_200
38700837,0.7,0.7,ttr_lemma_chunks_200
35327256,11.309755149630782,-11.309755149630782,upos_dist_DET
37198687,67.0,-67.0,n_tokens
35211696,0.695,0.695,ttr_lemma_chunks_200
34495665,1.5657275740404146,-1.5657275740404146,char_per_tok
36007906,1.65859649122807,-1.65859649122807,char_per_tok
40697559,1.3041378473486225,-1.3041378473486225,char_per_tok
25944411,62.27777777777778,-62.27777777777778,tokens_per_sent
39523069,14.0,14.0,n_sentences
32537024,27.77777777777778,27.77777777777778,subj_post
21916688,59.133333333333326,-59.133333333333326,tokens_per_sent
20330492,1.2977318733897678,-1.2977318733897678,char_per_tok
32456312,77.0,-77.0,n_tokens
40176599,75.0,-75.0,n_tokens
34489698,55.04166666666667,55.04166666666667,tokens_per_sent
35510126,0.695,0.695,ttr_lemma_chunks_200
38384964,1.276973965002134,-1.276973965002134,char_per_tok
21996629,0.755,0.755,ttr_form_chunks_200
30649956,11.759483454398708,-11.759483454398708,upos_dist_DET
26067487,12.0,12.0,n_sentences
39637967,1.3258980866848882,-1.3258980866848882,char_per_tok
24346794,1.2908942202835334,1.2908942202835334,char_per_tok
38297926,31.25,31.25,subj_post
38973702,0.3521916411824669,-0.3521916411824669,lexical_density
25716863,30.0,30.0,subj_post
14636713,12.262682850918145,-12.262682850918145,upos_dist_DET
35956639,0.7,0.7,ttr_lemma_chunks_200
40835536,10.0,10.0,n_sentences
38963770,113.0,-113.0,n_tokens
35239660,1.4271493212669677,1.4271493212669677,char_per_tok
38643910,115.0,-115.0,n_tokens
39537967,0.715,0.715,ttr_lemma_chunks_200
39183264,0.33,0.33,ttr_form_chunks_100
35925737,0.49,0.49,ttr_form_chunks_100
31158944,0.75,0.75,ttr_form_chunks_200
40125054,0.69,0.69,ttr_lemma_chunks_200
37250163,11.941766673224471,-11.941766673224471,upos_dist_DET
24007994,0.74,0.74,ttr_form_chunks_200
31897583,11.0,11.0,n_sentences
37510207,36.36363636363637,36.36363636363637,subj_post
14637292,54.52380952380953,-54.52380952380953,tokens_per_sent
37394222,12.328018394964005,-12.328018394964005,upos_dist_DET
32168358,0.35,0.35,ttr_form_chunks_100
36451415,12.0,12.0,n_sentences
40084559,33.333333333333336,33.333333333333336,subj_post
38916812,12.313723692053742,-12.313723692053742,upos_dist_DET
36829220,0.7,0.7,ttr_lemma_chunks_200
27142806,1.4370606350217692,-1.4370606350217692,char_per_tok
39982452,79.0,-79.0,n_tokens
40543668,50.0,-50.0,subj_post
40312167,0.521313713592233,-0.521313713592233,lexical_density
16660418,2.473393724878517,-2.473393724878517,char_per_tok
35301843,0.4244177840508116,-0.4244177840508116,lexical_density
28968989,28.070175438596493,28.070175438596493,subj_post
38847225,10.887096774193548,-10.887096774193548,upos_dist_DET
33480456,0.77,0.77,ttr_form_chunks_100
35211391,0.75,0.75,ttr_form_chunks_200
34681415,1.3501825955286364,-1.3501825955286364,char_per_tok
32342638,56.140350877192986,-56.140350877192986,subj_post
32199649,0.75,0.75,ttr_form_chunks_200
36675485,1.3702544381344186,-1.3702544381344186,char_per_tok
36304562,27.27272727272728,27.27272727272728,subj_post
36293577,62.08333333333334,-62.08333333333334,tokens_per_sent
39389266,0.74,0.74,ttr_form_chunks_200
40246763,0.4799999999999999,0.4799999999999999,ttr_form_chunks_100
35649944,28.571428571428573,28.571428571428573,subj_post
23967190,10.0,10.0,n_sentences
38848768,0.75,0.75,ttr_form_chunks_100
40537971,121.0,-121.0,n_tokens
28652638,0.76,0.76,ttr_form_chunks_200
35931252,0.2428571428571428,0.2428571428571428,lexical_density
38474766,14.0,14.0,n_sentences
35924928,165.28571428571428,165.28571428571428,tokens_per_sent
40473650,0.33,0.33,ttr_form_chunks_100
34800243,0.32,-0.32,ttr_form_chunks_100
29179124,69.0,-69.0,n_tokens
23377890,0.32,0.32,ttr_form_chunks_100
38081386,27.27272727272728,27.27272727272728,subj_post
34066854,0.258066818960594,0.258066818960594,lexical_density
29735292,10.901771336553947,-10.901771336553947,upos_dist_DET
36921348,1.252314755113094,-1.252314755113094,char_per_tok
27199485,1.47942557304612,-1.47942557304612,char_per_tok
38864525,0.76,0.76,ttr_form_chunks_200
40949424,38.888888888888886,38.888888888888886,subj_post
35242140,33.333333333333336,33.333333333333336,subj_post
40513259,0.4463206170523245,0.4463206170523245,lexical_density
34581006,0.31,0.31,ttr_form_chunks_100
35432631,73.0,-73.0,n_tokens
37888775,1.3137780424856065,-1.3137780424856065,char_per_tok
34304543,11.25760649087221,-11.25760649087221,upos_dist_DET
20713922,0.2436162870945479,0.2436162870945479,lexical_density
26241627,1.2729700854700852,-1.2729700854700852,char_per_tok
40349446,0.705,0.705,ttr_lemma_chunks_200
40276951,1.2716301206867249,-1.2716301206867249,char_per_tok
35253779,57.11111111111111,-57.11111111111111,tokens_per_sent
27151267,13.0,13.0,n_sentences
38991983,78.0,-78.0,n_tokens
35533072,0.68,0.68,ttr_form_chunks_100
40786072,10.0,10.0,n_sentences
36267417,0.73,0.73,ttr_lemma_chunks_200
40797362,0.3299999999999999,-0.3299999999999999,ttr_form_chunks_100
38730641,0.2679742937474896,0.2679742937474896,lexical_density
20032548,0.74,0.74,ttr_form_chunks_200
37264089,0.2454128440366972,0.2454128440366972,lexical_density
34647655,68.0,-68.0,n_tokens
38550411,115.0,-115.0,n_tokens
39455587,0.4920537455753811,-0.4920537455753811,lexical_density
32746405,1.3073142907287965,-1.3073142907287965,char_per_tok
35506197,104.0,-104.0,n_tokens
37093886,29.464285714285715,29.464285714285715,subj_post
38329012,30.357142857142858,30.357142857142858,subj_post
35460865,0.2459758551307846,0.2459758551307846,lexical_density
30253058,0.775,0.775,ttr_form_chunks_200
32152796,83.16666666666667,-83.16666666666667,tokens_per_sent
33998238,1.298491830749895,-1.298491830749895,char_per_tok
38372132,31.25,31.25,subj_post
40709513,0.71,0.71,ttr_form_chunks_100
36852611,11.0,11.0,n_sentences
37092325,0.75,0.75,ttr_form_chunks_200
36166970,62.0,-62.0,tokens_per_sent
40084002,175.54545454545456,-175.54545454545456,tokens_per_sent
36158310,29.6969696969697,29.6969696969697,subj_post
34827541,1.4109358383551935,-1.4109358383551935,char_per_tok
35112364,31.25,31.25,subj_post
35858905,0.74,0.74,ttr_form_chunks_200
22343549,0.755,0.755,ttr_form_chunks_200
37017891,0.74,0.74,ttr_form_chunks_200
39483033,0.5291218637992832,-0.5291218637992832,lexical_density
38837943,105.6,-105.6,tokens_per_sent
39636974,95.5625,-95.5625,tokens_per_sent
37871771,103.0,-103.0,n_tokens
21525387,1.3341531718008035,-1.3341531718008035,char_per_tok
40371246,0.4601056435918821,-0.4601056435918821,lexical_density
39017245,115.0,-115.0,n_tokens
38589076,0.33,0.33,ttr_form_chunks_100
40233915,12.0,12.0,n_sentences
25886449,0.71,0.71,ttr_lemma_chunks_200
29463217,1.3723765238155083,-1.3723765238155083,char_per_tok
39515124,0.5087967644084934,-0.5087967644084934,lexical_density
29830153,12.0,12.0,n_sentences
39157994,0.5636363636363636,-0.5636363636363636,lexical_density
34902406,1.641708743024182,-1.641708743024182,char_per_tok
35246534,0.71,0.71,ttr_lemma_chunks_200
39794370,0.82,0.82,ttr_form_chunks_100
36015547,1.5338556466672078,-1.5338556466672078,char_per_tok
17192212,0.75,0.75,ttr_form_chunks_200
38361370,11.182934712346476,-11.182934712346476,upos_dist_DET
35447348,0.755,0.755,ttr_form_chunks_200
36485613,208.625,-208.625,tokens_per_sent
36795993,11.0,11.0,n_sentences
36181308,12.0,12.0,n_sentences
39742952,1.258532695374801,-1.258532695374801,char_per_tok
36395709,178.36363636363637,-178.36363636363637,tokens_per_sent
35519160,0.745,0.745,ttr_form_chunks_200
37459618,0.32,-0.32,ttr_form_chunks_100
34753017,31.25,31.25,subj_post
37206702,11.0,11.0,n_sentences
34623225,72.0,-72.0,n_tokens
37238279,10.89423817335699,-10.89423817335699,upos_dist_DET
34265730,68.0,-68.0,n_tokens
25299902,174.0,174.0,tokens_per_sent
40021902,1.4639787750289122,-1.4639787750289122,char_per_tok
40510539,12.0,12.0,n_sentences
35313266,175.0,175.0,tokens_per_sent
36060746,0.74,0.74,ttr_form_chunks_200
38779651,12.0,12.0,n_sentences
34444799,11.0,11.0,n_sentences
13738577,0.49,0.49,ttr_form_chunks_100
18693622,0.2784843667196608,0.2784843667196608,lexical_density
35070104,10.0,10.0,n_sentences
40604662,1.2671957671957674,-1.2671957671957674,char_per_tok
17383522,11.62471395881007,-11.62471395881007,upos_dist_DET
37719053,11.0,11.0,n_sentences
32114263,12.0,12.0,n_sentences
30773773,11.0,11.0,n_sentences
40807297,0.73,0.73,ttr_form_chunks_100
24522180,0.355820649938297,0.355820649938297,lexical_density
40790195,0.34,0.34,ttr_form_chunks_100
36703678,12.822378979584222,-12.822378979584222,upos_dist_DET
38622507,89.0,-89.0,n_tokens
39203734,96.0,-96.0,n_tokens
31506073,33.333333333333336,33.333333333333336,subj_post
37359683,0.775,0.775,ttr_form_chunks_200
36403009,12.0,12.0,n_sentences
39887625,27.27272727272728,27.27272727272728,subj_post
40114200,0.2775561760404201,0.2775561760404201,lexical_density
36949805,10.0,10.0,n_sentences
34394930,0.44,0.44,ttr_form_chunks_100
40803117,0.69,0.69,ttr_lemma_chunks_200
40293549,0.74,0.74,ttr_form_chunks_200
35225942,0.38,0.38,ttr_form_chunks_100
39151842,207.27272727272728,-207.27272727272728,tokens_per_sent
38863447,0.3050903119868637,0.3050903119868637,lexical_density
40735191,26.666666666666668,26.666666666666668,subj_post
32472063,0.52,0.52,ttr_form_chunks_100
24492700,0.755,0.755,ttr_form_chunks_200
15357770,0.69,0.69,ttr_lemma_chunks_200
40174478,33.333333333333336,33.333333333333336,subj_post
35090765,1.38489454459762,-1.38489454459762,char_per_tok
40550025,0.39,0.39,ttr_form_chunks_100
38675741,0.76,0.76,ttr_form_chunks_200
33866754,35.294117647058826,35.294117647058826,subj_post
26752940,74.0,-74.0,n_tokens
33263621,0.695,0.695,ttr_lemma_chunks_200
40218421,0.76,0.76,ttr_form_chunks_200
35397968,108.38888888888889,-108.38888888888889,tokens_per_sent
40576680,0.5599999999999999,0.5599999999999999,ttr_form_chunks_100
37810492,61.51515151515152,-61.51515151515152,tokens_per_sent
32233105,0.745,0.745,ttr_form_chunks_200
35687096,154.375,154.375,tokens_per_sent
33107078,1.2893425360218531,-1.2893425360218531,char_per_tok
40563590,0.32,0.32,ttr_form_chunks_100
38721752,0.36,0.36,ttr_form_chunks_100
35791347,0.705,0.705,ttr_lemma_chunks_200
40540625,72.0,-72.0,n_tokens
24784895,69.0,-69.0,n_tokens
36652154,1.3068606825619449,-1.3068606825619449,char_per_tok
39923988,1.3262588002799616,-1.3262588002799616,char_per_tok
32105380,94.21428571428572,-94.21428571428572,tokens_per_sent
32117984,70.0,-70.0,n_tokens
39876933,11.0,11.0,n_sentences
38755704,1.2856895356895364,-1.2856895356895364,char_per_tok
39182413,11.063192464542205,-11.063192464542205,upos_dist_DET
35618644,0.745,0.745,ttr_form_chunks_200
34714440,28.571428571428573,28.571428571428573,subj_post
35567790,0.75,0.75,ttr_form_chunks_200
35577579,0.74,0.74,ttr_form_chunks_200
33204724,0.705,0.705,ttr_lemma_chunks_200
35682191,11.0,11.0,n_sentences
37489590,0.695,0.695,ttr_lemma_chunks_200
36796693,0.74,0.74,ttr_form_chunks_200
36653179,11.177840867729488,-11.177840867729488,upos_dist_DET
40189548,79.0,-79.0,n_tokens
40996789,10.998650472334685,-10.998650472334685,upos_dist_DET
11991161,0.695,0.695,ttr_lemma_chunks_200
33221969,1.278026905829596,-1.278026905829596,char_per_tok
36396373,187.875,-187.875,tokens_per_sent
37273027,0.3399999999999999,0.3399999999999999,ttr_form_chunks_100
35641916,0.735,0.735,ttr_form_chunks_200
35847161,28.571428571428573,28.571428571428573,subj_post
39552935,1.266071501365619,-1.266071501365619,char_per_tok
39313252,16.0,16.0,n_sentences
39285435,14.0,14.0,n_sentences
30503789,181.66666666666669,181.66666666666669,tokens_per_sent
35135551,0.755,0.755,ttr_form_chunks_200
33698168,92.94444444444444,-92.94444444444444,tokens_per_sent
35848258,202.2,-202.2,tokens_per_sent
39439298,0.3199999999999999,0.3199999999999999,ttr_form_chunks_100
34489174,33.333333333333336,33.333333333333336,subj_post
35768068,0.32,0.32,ttr_form_chunks_100
35486027,1.3873849284136872,-1.3873849284136872,char_per_tok
37495715,27.77777777777778,27.77777777777778,subj_post
31972002,33.333333333333336,33.333333333333336,subj_post
33595861,31.57894736842105,31.57894736842105,subj_post
32788317,0.74,0.74,ttr_form_chunks_200
39482745,0.3199999999999999,0.3199999999999999,ttr_form_chunks_100
38209045,1.2542486771005406,-1.2542486771005406,char_per_tok
33599075,0.43,0.43,ttr_form_chunks_100
40460776,1.4587634443506676,-1.4587634443506676,char_per_tok
37686779,11.0,11.0,n_sentences
14941514,51.93333333333333,-51.93333333333333,tokens_per_sent
37743564,11.139105206901815,-11.139105206901815,upos_dist_DET
35673743,0.735,0.735,ttr_form_chunks_200
39130832,0.3207611281005777,-0.3207611281005777,lexical_density
27712282,19.0,19.0,n_sentences
29984665,11.0,11.0,n_sentences
33373254,131.125,131.125,tokens_per_sent
35060100,183.7142857142857,183.7142857142857,tokens_per_sent
17220572,11.222067785737195,-11.222067785737195,upos_dist_DET
36359783,11.061177767414254,-11.061177767414254,upos_dist_DET
36719025,0.695,0.695,ttr_lemma_chunks_200
20453402,11.0,11.0,n_sentences
38465986,1.2574472096530918,-1.2574472096530918,char_per_tok
36703558,50.0,-50.0,subj_post
35029834,0.2497753818508535,0.2497753818508535,lexical_density
35829875,28.571428571428573,28.571428571428573,subj_post
37392408,0.695,0.695,ttr_lemma_chunks_200
24387491,1.2701298701298709,-1.2701298701298709,char_per_tok
39215865,29.166666666666668,29.166666666666668,subj_post
34569970,0.75,0.75,ttr_form_chunks_200
34475424,1.3934579439252337,-1.3934579439252337,char_per_tok
10978576,1.4689346231253646,-1.4689346231253646,char_per_tok
39034811,0.2977801268498943,0.2977801268498943,lexical_density
40681597,108.0,-108.0,n_tokens
37091227,11.0,11.0,n_sentences
33316413,27.77777777777778,27.77777777777778,subj_post
38768805,0.53,-0.53,ttr_form_chunks_100
14883651,1.3222920236055593,-1.3222920236055593,char_per_tok
38865337,0.7,0.7,ttr_lemma_chunks_200
35457583,1.373352793994996,-1.373352793994996,char_per_tok
38700814,0.71,0.71,ttr_lemma_chunks_200
39671675,0.3199999999999999,0.3199999999999999,ttr_form_chunks_100
40818038,0.745,0.745,ttr_form_chunks_200
40634755,0.35,0.35,ttr_form_chunks_100
39390083,0.715,0.715,ttr_lemma_chunks_200
36538255,69.0,-69.0,n_tokens
35893452,11.0,11.0,n_sentences
35683790,10.0,10.0,n_sentences
39632856,72.0,-72.0,n_tokens
40326635,14.0,14.0,n_sentences
37634967,31.03448275862069,31.03448275862069,subj_post
39490972,12.32555000674855,-12.32555000674855,upos_dist_DET
13840612,12.0,12.0,n_sentences
36625068,14.0,14.0,n_sentences
31907947,76.0,-76.0,tokens_per_sent
39640744,0.37,0.37,ttr_form_chunks_100
35223159,11.394672436420388,-11.394672436420388,upos_dist_DET
35873206,1.2837194096768163,-1.2837194096768163,char_per_tok
14746549,73.0,-73.0,n_tokens
23989422,1.354116638078903,-1.354116638078903,char_per_tok
35718273,10.0,10.0,n_sentences
37949878,26.666666666666668,26.666666666666668,subj_post
28850833,74.0,-74.0,n_tokens
40018661,0.695,0.695,ttr_lemma_chunks_200
40623890,1.3733133129070874,-1.3733133129070874,char_per_tok
21410182,28.571428571428573,28.571428571428573,subj_post
39313248,12.0,12.0,n_sentences
38289805,12.0,12.0,n_sentences
37686780,0.2654135338345864,0.2654135338345864,lexical_density
36825239,1.3268098709601963,-1.3268098709601963,char_per_tok
40680505,33.333333333333336,33.333333333333336,subj_post
35361645,12.0,12.0,n_sentences
37031772,1.2504695885509838,-1.2504695885509838,char_per_tok
40186929,1.5103585414848937,-1.5103585414848937,char_per_tok
35999517,0.55,0.55,ttr_form_chunks_100
38599443,0.2558139534883721,0.2558139534883721,lexical_density
38746782,204.72727272727272,-204.72727272727272,tokens_per_sent
37325926,0.75,0.75,ttr_form_chunks_200
39909518,0.715,0.715,ttr_lemma_chunks_200
38361222,11.0,11.0,n_sentences
16659380,83.0,-83.0,n_tokens
29131242,12.2654211899352,-12.2654211899352,upos_dist_DET
34394694,0.7,0.7,ttr_lemma_chunks_200
36542696,11.481956924832405,-11.481956924832405,upos_dist_DET
38940564,11.0,11.0,n_sentences
33759437,69.0,-69.0,n_tokens
17582676,0.3707411645054664,0.3707411645054664,lexical_density
38429756,12.0,12.0,n_sentences
32403311,1.4893121746095312,-1.4893121746095312,char_per_tok
36101833,75.0,-75.0,n_tokens
36997563,0.7,0.7,ttr_lemma_chunks_200
36653594,28.571428571428573,28.571428571428573,subj_post
35565381,10.0,10.0,n_sentences
23499456,14.0,14.0,n_sentences
35620401,0.725,0.725,ttr_lemma_chunks_200
33140551,5.151708701823344,-5.151708701823344,char_per_tok
40638354,27.77777777777778,-27.77777777777778,subj_post
40327324,0.76,0.76,ttr_form_chunks_200
16588903,27.77777777777778,27.77777777777778,subj_post
38488583,0.43,0.43,ttr_form_chunks_100
38441016,11.0,11.0,n_sentences
17761153,11.638120333772504,-11.638120333772504,upos_dist_DET
11061389,11.0,11.0,n_sentences
31436513,28.571428571428573,28.571428571428573,subj_post
33550643,31.25,31.25,subj_post
14875297,0.76,0.76,ttr_form_chunks_200
10099724,29.41176470588235,29.41176470588235,subj_post
37743180,69.0,-69.0,n_tokens
36540944,0.4860890302066772,0.4860890302066772,lexical_density
39539279,11.13598613418069,-11.13598613418069,upos_dist_DET
32577089,29.41176470588235,29.41176470588235,subj_post
31797599,29.41176470588235,29.41176470588235,subj_post
33034527,1.293760064412239,-1.293760064412239,char_per_tok
39976302,0.4600000000000001,0.4600000000000001,ttr_form_chunks_100
35337747,28.571428571428573,28.571428571428573,subj_post
20274388,1.2788944723618094,-1.2788944723618094,char_per_tok
36304250,79.0,79.0,tokens_per_sent
32936464,28.571428571428573,28.571428571428573,subj_post
17529542,11.646295950737075,-11.646295950737075,upos_dist_DET
39194975,0.555608300556083,-0.555608300556083,lexical_density
40609486,11.79890560875513,-11.79890560875513,upos_dist_DET
38146959,10.0,10.0,n_sentences
38632717,11.554175518875637,-11.554175518875637,upos_dist_DET
36006401,11.363074946889975,-11.363074946889975,upos_dist_DET
38263809,28.571428571428573,28.571428571428573,subj_post
35658900,12.251313067006206,-12.251313067006206,upos_dist_DET
37531437,0.74,0.74,ttr_form_chunks_200
36516209,28.571428571428573,28.571428571428573,subj_post
35852356,11.0,11.0,n_sentences
40112183,50.0,50.0,subj_post
40448181,11.0,11.0,n_sentences
38353526,27.27272727272728,27.27272727272728,subj_post
36043754,0.3213395638629283,0.3213395638629283,lexical_density
38036431,14.0,14.0,n_sentences
16042941,17.0,17.0,n_sentences
40073761,0.74,0.74,ttr_form_chunks_200
35815829,0.2705790297339593,0.2705790297339593,lexical_density
34623483,0.695,0.695,ttr_lemma_chunks_200
38036554,13.0,13.0,n_sentences
40077181,30.76923076923077,30.76923076923077,subj_post
34282816,0.7,0.7,ttr_lemma_chunks_200
36599396,0.2909902597402597,0.2909902597402597,lexical_density
38774447,0.69,0.69,ttr_form_chunks_100
40858683,0.7,0.7,ttr_lemma_chunks_200
24282974,0.715,0.715,ttr_lemma_chunks_200
37437036,10.930963282161771,-10.930963282161771,upos_dist_DET
30525540,74.0,-74.0,n_tokens
29925419,67.0,-67.0,n_tokens
38777496,12.0,12.0,n_sentences
35031141,0.2621004566210045,0.2621004566210045,lexical_density
38361698,10.939112487100102,-10.939112487100102,upos_dist_DET
40940244,0.745,0.745,ttr_form_chunks_200
13754900,10.959383753501402,-10.959383753501402,upos_dist_DET
38894758,57.41666666666666,-57.41666666666666,tokens_per_sent
38349903,12.0,12.0,n_sentences
37282854,12.0,12.0,n_sentences
38144717,31.818181818181817,31.818181818181817,subj_post
36878061,0.7,0.7,ttr_lemma_chunks_200
38930800,1.354131353659322,-1.354131353659322,char_per_tok
38085792,1.4660184279191126,-1.4660184279191126,char_per_tok
37068074,10.0,10.0,n_sentences
21065539,13.0,13.0,n_sentences
35213808,29.166666666666668,29.166666666666668,subj_post
39012757,10.0,10.0,n_sentences
36779864,0.725,0.725,ttr_lemma_chunks_200
33741309,70.0,-70.0,n_tokens
33869531,68.0,-68.0,n_tokens
34820093,13.0,13.0,n_sentences
39455363,11.0,11.0,n_sentences
39141260,80.0,-80.0,n_tokens
34076465,185.44444444444443,185.44444444444443,tokens_per_sent
35227626,31.818181818181817,31.818181818181817,subj_post
16207282,50.0,50.0,subj_post
35782478,10.954802259887009,-10.954802259887009,upos_dist_DET
40415393,0.2677961507183519,0.2677961507183519,lexical_density
35006910,43.75,43.75,subj_post
29253207,40.0,40.0,subj_post
29864834,0.3383928571428571,0.3383928571428571,lexical_density
17540745,13.64798515736362,-13.64798515736362,upos_dist_DET
38714949,36.36363636363637,36.36363636363637,subj_post
35521019,0.71,0.71,ttr_lemma_chunks_200
35181506,11.162870945479645,-11.162870945479645,upos_dist_DET
27543546,1.2697372774799804,-1.2697372774799804,char_per_tok
28951778,28.571428571428573,28.571428571428573,subj_post
38881539,73.0,-73.0,n_tokens
36824628,53.22222222222222,-53.22222222222222,tokens_per_sent
39329284,14.0,14.0,n_sentences
27005788,0.69,0.69,ttr_lemma_chunks_200
38063708,11.231518370960602,-11.231518370960602,upos_dist_DET
33615038,0.695,0.695,ttr_lemma_chunks_200
37524153,1.2790073775989272,-1.2790073775989272,char_per_tok
37694397,27.77777777777778,-27.77777777777778,subj_post
38838365,11.772287862513428,-11.772287862513428,upos_dist_DET
38201549,97.0,-97.0,n_tokens
22373665,0.2658390949088624,0.2658390949088624,lexical_density
37028002,0.695,0.695,ttr_lemma_chunks_200
30709894,1.5296803652968038,-1.5296803652968038,char_per_tok
39796686,10.768824771287823,-10.768824771287823,upos_dist_DET
17098920,1.3113973182780525,-1.3113973182780525,char_per_tok
40716173,0.3569142125480155,0.3569142125480155,lexical_density
35881584,69.0,-69.0,n_tokens
30623610,1.277228330978562,-1.277228330978562,char_per_tok
15528816,1.2700531091383,-1.2700531091383,char_per_tok
33378014,29.41176470588235,29.41176470588235,subj_post
25240771,1.3561673068715323,-1.3561673068715323,char_per_tok
36101078,27.77777777777778,27.77777777777778,subj_post
23855428,33.333333333333336,33.333333333333336,subj_post
35054384,50.0,50.0,subj_post
39605164,0.715,0.715,ttr_lemma_chunks_200
17598542,11.545893719806765,-11.545893719806765,upos_dist_DET
39878576,14.574898785425102,-14.574898785425102,upos_dist_DET
34637598,0.705,0.705,ttr_lemma_chunks_200
39006800,11.740890688259109,-11.740890688259109,upos_dist_DET
21195249,0.745,0.745,ttr_form_chunks_200
40255209,29.166666666666668,29.166666666666668,subj_post
34830895,0.74,0.74,ttr_form_chunks_200
40668379,0.32,0.32,ttr_form_chunks_100
39482993,85.0,-85.0,n_tokens
34348391,11.0,11.0,n_sentences
40739163,0.75,0.75,ttr_form_chunks_200
40932167,11.0,11.0,n_sentences
39342454,0.7,0.7,ttr_lemma_chunks_200
38665058,10.932774319502007,-10.932774319502007,upos_dist_DET
13151490,11.492518546460452,-11.492518546460452,upos_dist_DET
36503809,11.6670670189767,-11.6670670189767,upos_dist_DET
32283936,30.76923076923077,30.76923076923077,subj_post
39209932,0.31,0.31,ttr_form_chunks_100
32260854,0.745,0.745,ttr_form_chunks_200
40473649,0.3714285714285714,0.3714285714285714,lexical_density
37634136,0.69,0.69,ttr_lemma_chunks_200
35902222,0.745,0.745,ttr_form_chunks_200
37527515,10.9514687100894,-10.9514687100894,upos_dist_DET
40849947,1.2637021257710908,-1.2637021257710908,char_per_tok
38959660,0.2494690891930154,0.2494690891930154,lexical_density
13458342,1.2531826694442687,-1.2531826694442687,char_per_tok
35588856,0.2865560890440854,0.2865560890440854,lexical_density
40121017,33.333333333333336,33.333333333333336,subj_post
19943590,0.75,0.75,ttr_form_chunks_200
39320344,0.31,0.31,ttr_form_chunks_100
17681099,14.276850663243474,-14.276850663243474,upos_dist_DET
35351305,11.838814265863824,-11.838814265863824,upos_dist_DET
16146367,12.0,12.0,n_sentences
36507113,11.089567604667124,-11.089567604667124,upos_dist_DET
36845136,57.23333333333333,-57.23333333333333,tokens_per_sent
36417368,0.28,0.28,lexical_density
34510266,1.2765707198152343,-1.2765707198152343,char_per_tok
37796986,69.0,-69.0,n_tokens
38620044,0.695,0.695,ttr_lemma_chunks_200
35862935,1.2642611325477109,-1.2642611325477109,char_per_tok
32065655,12.0,12.0,n_sentences
39459357,0.35,0.35,ttr_form_chunks_100
20271169,78.05555555555556,78.05555555555556,tokens_per_sent
36455294,0.705,0.705,ttr_lemma_chunks_200
37139907,12.0,12.0,n_sentences
35996027,28.0,28.0,subj_post
33652158,11.848689266501577,-11.848689266501577,upos_dist_DET
34518379,28.571428571428573,-28.571428571428573,subj_post
40618639,0.35,0.35,ttr_form_chunks_100
38847295,0.59,-0.59,ttr_form_chunks_100
39334460,0.44,0.44,ttr_form_chunks_100
35338809,55.366666666666674,-55.366666666666674,tokens_per_sent
36919578,1.2740817740817736,-1.2740817740817736,char_per_tok
24116517,10.0,10.0,n_sentences
39343279,0.2552744916316851,0.2552744916316851,lexical_density
38858708,0.3899999999999999,0.3899999999999999,ttr_form_chunks_100
40972934,1.38717204715622,-1.38717204715622,char_per_tok
31008678,0.3531614575831773,0.3531614575831773,lexical_density
22036807,68.0,-68.0,n_tokens
35866358,94.6,-94.6,tokens_per_sent
32940458,26.666666666666668,26.666666666666668,subj_post
40057847,12.806777600486283,-12.806777600486283,upos_dist_DET
22107104,11.0,11.0,n_sentences
35775155,63.83333333333333,-63.83333333333333,tokens_per_sent
35910978,12.442396313364055,-12.442396313364055,upos_dist_DET
38999993,16.0,16.0,n_sentences
32326063,1.2660838528959977,-1.2660838528959977,char_per_tok
12671197,31.25,31.25,subj_post
37952914,27.77777777777778,-27.77777777777778,subj_post
30392525,0.745,0.745,ttr_form_chunks_200
39481326,0.275,0.275,lexical_density
23762656,1.2899092058384092,-1.2899092058384092,char_per_tok
39222239,0.32,0.32,ttr_form_chunks_100
37140526,10.866155085428414,-10.866155085428414,upos_dist_DET
22228151,0.745,0.745,ttr_form_chunks_200
20755057,1.361245173745174,-1.361245173745174,char_per_tok
40398562,0.75,0.75,ttr_lemma_chunks_200
28106814,1.2687396947533085,-1.2687396947533085,char_per_tok
37561590,72.0,-72.0,n_tokens
34556644,11.0,11.0,n_sentences
14121191,11.836151464634437,-11.836151464634437,upos_dist_DET
36355395,27.27272727272728,27.27272727272728,subj_post
38577200,0.705,0.705,ttr_lemma_chunks_200
33841956,27.77777777777778,27.77777777777778,subj_post
32087203,0.745,0.745,ttr_form_chunks_200
36207411,11.14125127492893,-11.14125127492893,upos_dist_DET
30695528,0.745,0.745,ttr_form_chunks_200
38118223,0.695,0.695,ttr_lemma_chunks_200
40651443,10.0,10.0,n_sentences
35916873,0.2682068543451652,0.2682068543451652,lexical_density
39464296,0.69,0.69,ttr_lemma_chunks_200
19311871,64.33333333333333,-64.33333333333333,tokens_per_sent
35851890,0.695,0.695,ttr_lemma_chunks_200
40828564,0.37,0.37,ttr_form_chunks_100
37847391,0.745,0.745,ttr_form_chunks_200
36159681,78.0,-78.0,n_tokens
35315451,90.5,-90.5,tokens_per_sent
31673856,11.0,11.0,n_sentences
36610685,71.0,-71.0,n_tokens
19146362,29.41176470588235,29.41176470588235,subj_post
15321722,10.0,10.0,n_sentences
34714217,1.2699735449735448,-1.2699735449735448,char_per_tok
36940930,14.08183103570166,-14.08183103570166,upos_dist_DET
30507700,56.22222222222222,-56.22222222222222,tokens_per_sent
38425508,1.371274468777607,-1.371274468777607,char_per_tok
34027603,0.7,0.7,ttr_lemma_chunks_200
36603382,12.0,12.0,n_sentences
38071342,0.7,0.7,ttr_lemma_chunks_200
39864196,0.31,0.31,ttr_form_chunks_100
32218443,1.279600365051155,-1.279600365051155,char_per_tok
39544281,0.32,0.32,ttr_form_chunks_100
36419683,1.442942521358951,-1.442942521358951,char_per_tok
38958752,113.0,-113.0,n_tokens
36320031,81.6,-81.6,tokens_per_sent
39426704,13.0,13.0,n_sentences
37275524,0.34,0.34,ttr_form_chunks_100
35241334,15.0,15.0,n_sentences
35822801,72.0,-72.0,n_tokens
39992678,11.428767311120252,-11.428767311120252,upos_dist_DET
34389322,18.0,18.0,n_sentences
