,identifier,abs_difference,raw_difference,reason
0,35293745,0.76,0.76,ttr_form_chunks_200
1,39998633,0.4042963174421924,-0.4042963174421924,lexical_density
2,19082588,0.3758989865969271,0.3758989865969271,lexical_density
3,38361046,0.7,0.7,ttr_lemma_chunks_200
4,37440379,194.2,194.2,tokens_per_sent
5,28923010,0.695,0.695,ttr_lemma_chunks_200
6,37479682,0.71,0.71,ttr_lemma_chunks_200
7,37419762,0.76,0.76,ttr_form_chunks_200
8,39364053,11.455561981877771,-11.455561981877771,upos_dist_DET
9,33792610,12.0,12.0,n_sentences
10,18590625,13.196117574172229,-13.196117574172229,upos_dist_DET
11,38721346,0.33999999999999997,0.33999999999999997,ttr_form_chunks_100
12,36381040,0.705,0.705,ttr_lemma_chunks_200
13,18317092,28.571428571428573,28.571428571428573,subj_post
14,40132890,31.25,31.25,subj_post
15,35424391,10.7560677492579,-10.7560677492579,upos_dist_DET
16,36560391,70.0,-70.0,n_tokens
17,37139998,11.039121313093915,-11.039121313093915,upos_dist_DET
18,36242851,0.29382879893828806,-0.29382879893828806,lexical_density
19,12190171,1.511754692675745,-1.511754692675745,char_per_tok
20,37550948,0.745,0.745,ttr_form_chunks_200
21,30374945,11.0,11.0,n_sentences
22,26312069,1.2814208885072542,-1.2814208885072542,char_per_tok
23,27342793,0.755,0.755,ttr_form_chunks_200
24,40417076,115.0,-115.0,n_tokens
25,40328971,96.0,-96.0,n_tokens
26,38433524,18.0,18.0,n_sentences
27,35146483,27.77777777777778,27.77777777777778,subj_post
28,34271712,95.65217391304348,-95.65217391304348,subj_post
29,37761184,30.0,30.0,subj_post
30,35115601,1.3606374056471906,-1.3606374056471906,char_per_tok
31,35825863,12.0,12.0,n_sentences
32,39390582,0.715,0.715,ttr_lemma_chunks_200
33,26886462,49.5,-49.5,tokens_per_sent
34,37278786,1.2824746856570597,-1.2824746856570597,char_per_tok
35,40785769,10.0,10.0,n_sentences
36,36930238,0.695,0.695,ttr_lemma_chunks_200
37,33543994,0.74,0.74,ttr_form_chunks_200
38,34290157,100.0,100.0,subj_post
39,35504410,0.37,0.37,ttr_form_chunks_100
40,36693789,1.4589318911610611,-1.4589318911610611,char_per_tok
41,36420424,0.31000000000000005,0.31000000000000005,ttr_form_chunks_100
42,40371547,1.6365252730505464,1.6365252730505464,char_per_tok
43,38952592,28.571428571428573,28.571428571428573,subj_post
44,39763293,67.0,-67.0,n_tokens
45,26682563,71.0,-71.0,n_tokens
46,29240959,33.333333333333336,33.333333333333336,subj_post
47,39536428,0.735,0.735,ttr_lemma_chunks_200
48,39253773,140.75,-140.75,tokens_per_sent
49,39405419,11.853833990721274,-11.853833990721274,upos_dist_DET
50,36381040,0.745,0.745,ttr_form_chunks_200
51,38919983,11.109725426617613,-11.109725426617613,upos_dist_DET
52,37979973,75.0,-75.0,n_tokens
53,40548000,0.74,0.74,ttr_form_chunks_200
54,36543760,0.52,0.52,ttr_form_chunks_100
55,39031566,0.48,0.48,ttr_form_chunks_100
56,30089455,0.715,0.715,ttr_lemma_chunks_200
57,36009686,0.62,0.62,ttr_form_chunks_100
58,39844713,109.0,-109.0,n_tokens
59,35354845,12.487086776859504,-12.487086776859504,upos_dist_DET
60,31434380,67.0,-67.0,n_tokens
61,39112675,0.38000000000000006,0.38000000000000006,ttr_form_chunks_100
62,41011854,0.75,0.75,ttr_form_chunks_200
63,39245035,115.0,-115.0,n_tokens
64,39550227,0.725,0.725,ttr_lemma_chunks_200
65,35389006,0.69,0.69,ttr_lemma_chunks_200
66,38701068,0.7,0.7,ttr_lemma_chunks_200
67,13312164,11.286945242286668,-11.286945242286668,upos_dist_DET
68,33378386,0.3400000000000001,0.3400000000000001,ttr_form_chunks_100
69,40722014,0.75,0.75,ttr_form_chunks_200
70,37598792,14.0,14.0,n_sentences
71,38979982,55.15151515151514,-55.15151515151514,tokens_per_sent
72,33513976,0.74,0.74,ttr_form_chunks_200
73,39247881,0.37254901960784315,-0.37254901960784315,lexical_density
74,16336798,68.0,-68.0,n_tokens
75,39518320,69.0,-69.0,n_tokens
76,37331430,0.7,0.7,ttr_lemma_chunks_200
77,21817127,0.44000000000000006,0.44000000000000006,ttr_form_chunks_100
78,33960561,0.74,0.74,ttr_form_chunks_200
79,32933634,2.1404469273743016,-2.1404469273743016,char_per_tok
80,35379139,0.695,0.695,ttr_lemma_chunks_200
81,38946341,0.35,0.35,ttr_form_chunks_100
82,36242851,71.0,71.0,n_tokens
83,38248147,0.35,0.35,ttr_form_chunks_100
84,40335960,1.516100087166076,-1.516100087166076,char_per_tok
85,35971029,0.745,0.745,ttr_form_chunks_200
86,34982729,26.666666666666668,26.666666666666668,subj_post
87,40405681,0.49902480886253714,-0.49902480886253714,lexical_density
88,34073713,0.32698757151311897,0.32698757151311897,lexical_density
89,35134211,1.4637268847795166,-1.4637268847795166,char_per_tok
90,35971793,1.271132485972747,-1.271132485972747,char_per_tok
91,39031566,96.57142857142857,-96.57142857142857,tokens_per_sent
92,34218396,0.755,0.755,ttr_form_chunks_200
93,40681595,111.0,-111.0,n_tokens
94,35783841,0.2641229071032452,0.2641229071032452,lexical_density
95,30835975,151.57142857142856,151.57142857142856,tokens_per_sent
96,34781777,0.2894518865499415,0.2894518865499415,lexical_density
97,23710359,0.32,-0.32,ttr_form_chunks_100
98,38804634,0.35,0.35,ttr_form_chunks_100
99,17303471,12.32327681127505,-12.32327681127505,upos_dist_DET
100,40278355,0.49795391705069125,-0.49795391705069125,lexical_density
101,26505155,1.3408564814814818,-1.3408564814814818,char_per_tok
102,13349401,31.25,31.25,subj_post
103,33184171,75.0,-75.0,n_tokens
104,39109777,0.705,0.705,ttr_lemma_chunks_200
105,12208872,0.705,0.705,ttr_lemma_chunks_200
106,29362929,0.745,0.745,ttr_form_chunks_200
107,32984049,28.571428571428573,28.571428571428573,subj_post
108,33115331,11.0,11.0,n_sentences
109,40682691,37.30158730158729,37.30158730158729,subj_post
110,39109777,0.755,0.755,ttr_form_chunks_200
111,35252459,12.39272030651341,-12.39272030651341,upos_dist_DET
112,38930849,27.77777777777778,27.77777777777778,subj_post
113,39505965,12.68966027681149,-12.68966027681149,upos_dist_DET
114,38134860,0.32,0.32,ttr_form_chunks_100
115,37417048,156.44444444444443,-156.44444444444443,tokens_per_sent
116,35210714,11.0,11.0,n_sentences
117,25738708,27.77777777777778,27.77777777777778,subj_post
118,40610739,0.75,0.75,ttr_form_chunks_200
119,40416800,68.0,-68.0,n_tokens
120,24068786,10.924873371225303,-10.924873371225303,upos_dist_DET
121,35260399,172.0,172.0,tokens_per_sent
122,39315957,0.49902906120262486,-0.49902906120262486,lexical_density
123,36782941,75.0,-75.0,n_tokens
124,39692942,94.0,-94.0,n_tokens
125,38940092,0.745,0.745,ttr_form_chunks_200
126,33168556,0.74,0.74,ttr_form_chunks_200
127,39095205,127.375,-127.375,tokens_per_sent
128,36576440,11.27770057778103,-11.27770057778103,upos_dist_DET
129,40232724,15.833333333333334,-15.833333333333334,upos_dist_DET
130,21045428,0.735,0.735,ttr_form_chunks_200
131,17913357,11.647348085704248,-11.647348085704248,upos_dist_DET
132,25691072,73.0,-73.0,n_tokens
133,40704074,26.923076923076923,26.923076923076923,subj_post
134,26309852,0.755,0.755,ttr_form_chunks_200
135,17682392,0.38,0.38,ttr_form_chunks_100
136,29558087,13.0,13.0,n_sentences
137,39406372,112.0,-112.0,n_tokens
138,38745706,0.5,0.5,ttr_form_chunks_100
139,38111912,0.34,0.34,ttr_form_chunks_100
140,38520586,0.43,0.43,ttr_form_chunks_100
141,39298448,80.0,80.0,n_tokens
142,39844713,0.47561904761904766,-0.47561904761904766,lexical_density
143,39307155,69.0,-69.0,n_tokens
144,23892715,10.914634146341465,-10.914634146341465,upos_dist_DET
145,39923393,41.66666666666666,41.66666666666666,subj_post
146,40417076,13.223140495867767,-13.223140495867767,upos_dist_DET
147,35737294,83.0,-83.0,n_tokens
148,33380453,12.398045445255747,-12.398045445255747,upos_dist_DET
149,32115647,1.4998148148148145,-1.4998148148148145,char_per_tok
150,35324497,0.705,0.705,ttr_lemma_chunks_200
151,38682968,11.0,11.0,n_sentences
152,22147960,27.77777777777778,27.77777777777778,subj_post
153,32215563,168.55555555555554,168.55555555555554,tokens_per_sent
154,35810170,31.25,31.25,subj_post
155,38946341,84.5,-84.5,tokens_per_sent
156,40328971,1.8054114158636034,1.8054114158636034,char_per_tok
157,36002910,0.69,0.69,ttr_lemma_chunks_200
158,32263541,0.36000000000000004,0.36000000000000004,ttr_form_chunks_100
159,37326244,11.004990329743801,-11.004990329743801,upos_dist_DET
160,29831059,0.74,0.74,ttr_form_chunks_200
161,35706859,0.28530688551601757,0.28530688551601757,lexical_density
162,39390964,0.7,0.7,ttr_lemma_chunks_200
163,38700837,0.7,0.7,ttr_lemma_chunks_200
164,35327256,11.309755149630782,-11.309755149630782,upos_dist_DET
165,33960561,0.7,0.7,ttr_lemma_chunks_200
166,37198687,67.0,-67.0,n_tokens
167,35211696,0.695,0.695,ttr_lemma_chunks_200
168,34495665,1.5657275740404146,-1.5657275740404146,char_per_tok
169,36007906,1.65859649122807,-1.65859649122807,char_per_tok
170,40697559,1.3041378473486223,-1.3041378473486223,char_per_tok
171,25944411,62.27777777777778,-62.27777777777778,tokens_per_sent
172,39523069,14.0,14.0,n_sentences
173,32537024,27.77777777777778,27.77777777777778,subj_post
174,21916688,59.133333333333326,-59.133333333333326,tokens_per_sent
175,20330492,1.2977318733897678,-1.2977318733897678,char_per_tok
176,32456312,77.0,-77.0,n_tokens
177,40176599,75.0,-75.0,n_tokens
178,39315957,14.919354838709678,-14.919354838709678,upos_dist_DET
179,33543994,0.695,0.695,ttr_lemma_chunks_200
180,34489698,55.04166666666667,55.04166666666667,tokens_per_sent
181,35510126,0.695,0.695,ttr_lemma_chunks_200
182,38384964,1.2769739650021341,-1.2769739650021341,char_per_tok
183,21996629,0.755,0.755,ttr_form_chunks_200
184,30649956,11.759483454398707,-11.759483454398707,upos_dist_DET
185,26067487,12.0,12.0,n_sentences
186,39637967,1.3258980866848882,-1.3258980866848882,char_per_tok
187,24346794,1.2908942202835334,1.2908942202835334,char_per_tok
188,38297926,31.25,31.25,subj_post
189,38973702,0.3521916411824669,-0.3521916411824669,lexical_density
190,25716863,30.0,30.0,subj_post
191,14636713,12.262682850918145,-12.262682850918145,upos_dist_DET
192,35956639,0.7,0.7,ttr_lemma_chunks_200
193,40835536,10.0,10.0,n_sentences
194,38963770,113.0,-113.0,n_tokens
195,38248147,204.16666666666669,-204.16666666666669,tokens_per_sent
196,35239660,1.4271493212669677,1.4271493212669677,char_per_tok
197,38643910,115.0,-115.0,n_tokens
198,39537967,0.715,0.715,ttr_lemma_chunks_200
199,39183264,0.33,0.33,ttr_form_chunks_100
200,35925737,0.49,0.49,ttr_form_chunks_100
201,31158944,0.75,0.75,ttr_form_chunks_200
202,40125054,0.69,0.69,ttr_lemma_chunks_200
203,38701068,0.745,0.745,ttr_form_chunks_200
204,37250163,11.941766673224473,-11.941766673224473,upos_dist_DET
205,24007994,0.74,0.74,ttr_form_chunks_200
206,31897583,11.0,11.0,n_sentences
207,37510207,36.36363636363637,36.36363636363637,subj_post
208,14637292,54.52380952380953,-54.52380952380953,tokens_per_sent
209,37394222,12.328018394964003,-12.328018394964003,upos_dist_DET
210,32168358,0.35,0.35,ttr_form_chunks_100
211,36451415,12.0,12.0,n_sentences
212,40084559,33.333333333333336,33.333333333333336,subj_post
213,38916812,12.313723692053742,-12.313723692053742,upos_dist_DET
214,36829220,0.7,0.7,ttr_lemma_chunks_200
215,27142806,1.4370606350217692,-1.4370606350217692,char_per_tok
216,38940092,0.7,0.7,ttr_lemma_chunks_200
217,39982452,79.0,-79.0,n_tokens
218,40543668,50.0,-50.0,subj_post
219,40312167,0.521313713592233,-0.521313713592233,lexical_density
220,16660418,2.473393724878517,-2.473393724878517,char_per_tok
221,35301843,0.4244177840508116,-0.4244177840508116,lexical_density
222,28968989,28.070175438596493,28.070175438596493,subj_post
223,39253773,0.4,0.4,ttr_form_chunks_100
224,38847225,10.887096774193548,-10.887096774193548,upos_dist_DET
225,33480456,0.77,0.77,ttr_form_chunks_100
226,35211391,0.75,0.75,ttr_form_chunks_200
227,34681415,1.3501825955286364,-1.3501825955286364,char_per_tok
228,32342638,56.140350877192986,-56.140350877192986,subj_post
229,32199649,0.75,0.75,ttr_form_chunks_200
230,36675485,1.3702544381344186,-1.3702544381344186,char_per_tok
231,36304562,27.272727272727277,27.272727272727277,subj_post
232,36293577,62.08333333333334,-62.08333333333334,tokens_per_sent
233,39389266,0.74,0.74,ttr_form_chunks_200
234,37417048,0.47000000000000003,0.47000000000000003,ttr_form_chunks_100
235,40246763,0.4799999999999999,0.4799999999999999,ttr_form_chunks_100
236,39247881,99.0,-99.0,n_tokens
237,35649944,28.571428571428573,28.571428571428573,subj_post
238,23967190,10.0,10.0,n_sentences
239,36293577,1.423090544209657,-1.423090544209657,char_per_tok
240,38848768,0.75,0.75,ttr_form_chunks_100
241,40537971,121.0,-121.0,n_tokens
242,28652638,0.76,0.76,ttr_form_chunks_200
243,35931252,0.24285714285714288,0.24285714285714288,lexical_density
244,36242851,2.232282680822827,-2.232282680822827,char_per_tok
245,38474766,14.0,14.0,n_sentences
246,35924928,165.28571428571428,165.28571428571428,tokens_per_sent
247,40473650,0.33,0.33,ttr_form_chunks_100
248,34800243,0.32000000000000006,-0.32000000000000006,ttr_form_chunks_100
249,29179124,69.0,-69.0,n_tokens
250,23377890,0.32000000000000006,0.32000000000000006,ttr_form_chunks_100
251,38081386,27.272727272727277,27.272727272727277,subj_post
252,34066854,0.258066818960594,0.258066818960594,lexical_density
253,29735292,10.901771336553947,-10.901771336553947,upos_dist_DET
254,36921348,1.252314755113094,-1.252314755113094,char_per_tok
255,27199485,1.4794255730461199,-1.4794255730461199,char_per_tok
256,38864525,0.76,0.76,ttr_form_chunks_200
257,40949424,38.888888888888886,38.888888888888886,subj_post
258,35242140,33.333333333333336,33.333333333333336,subj_post
259,39298448,0.75,0.75,ttr_form_chunks_100
260,40513259,0.4463206170523245,0.4463206170523245,lexical_density
261,38520586,82.75,-82.75,tokens_per_sent
262,34581006,0.31000000000000005,0.31000000000000005,ttr_form_chunks_100
263,35432631,73.0,-73.0,n_tokens
264,37888775,1.3137780424856063,-1.3137780424856063,char_per_tok
265,34304543,11.25760649087221,-11.25760649087221,upos_dist_DET
266,20713922,0.24361628709454797,0.24361628709454797,lexical_density
267,26241627,1.2729700854700852,-1.2729700854700852,char_per_tok
268,40349446,0.705,0.705,ttr_lemma_chunks_200
269,40276951,1.2716301206867247,-1.2716301206867247,char_per_tok
270,35253779,57.11111111111111,-57.11111111111111,tokens_per_sent
271,27151267,13.0,13.0,n_sentences
272,20713922,100.0,100.0,subj_post
273,38991983,78.0,-78.0,n_tokens
274,35211696,0.755,0.755,ttr_form_chunks_200
275,35533072,0.68,0.68,ttr_form_chunks_100
276,40786072,10.0,10.0,n_sentences
277,36267417,0.73,0.73,ttr_lemma_chunks_200
278,40797362,0.32999999999999996,-0.32999999999999996,ttr_form_chunks_100
279,38730641,0.2679742937474896,0.2679742937474896,lexical_density
280,20032548,0.74,0.74,ttr_form_chunks_200
281,37264089,0.24541284403669728,0.24541284403669728,lexical_density
282,33480456,89.0,89.0,n_tokens
283,34647655,68.0,-68.0,n_tokens
284,38550411,115.0,-115.0,n_tokens
285,39455587,0.4920537455753811,-0.4920537455753811,lexical_density
286,32746405,1.3073142907287965,-1.3073142907287965,char_per_tok
287,39112675,102.1,-102.1,tokens_per_sent
288,35506197,104.0,-104.0,n_tokens
289,37093886,29.464285714285715,29.464285714285715,subj_post
290,38329012,30.357142857142858,30.357142857142858,subj_post
291,35460865,0.24597585513078468,0.24597585513078468,lexical_density
292,30253058,0.775,0.775,ttr_form_chunks_200
293,32152796,83.16666666666667,-83.16666666666667,tokens_per_sent
294,33998238,1.298491830749895,-1.298491830749895,char_per_tok
295,32263541,79.4,-79.4,tokens_per_sent
296,38372132,31.25,31.25,subj_post
297,20713922,169.125,169.125,tokens_per_sent
298,40709513,0.71,0.71,ttr_form_chunks_100
299,36852611,11.0,11.0,n_sentences
300,37092325,0.75,0.75,ttr_form_chunks_200
301,34271712,136.23076923076923,-136.23076923076923,tokens_per_sent
302,36166970,62.0,-62.0,tokens_per_sent
303,40084002,175.54545454545456,-175.54545454545456,tokens_per_sent
304,35825863,0.27172877556738584,-0.27172877556738584,lexical_density
305,36158310,29.6969696969697,29.6969696969697,subj_post
306,34827541,1.4109358383551935,-1.4109358383551935,char_per_tok
307,37479682,0.74,0.74,ttr_form_chunks_200
308,35112364,31.25,31.25,subj_post
309,35324497,0.745,0.745,ttr_form_chunks_200
310,35858905,0.74,0.74,ttr_form_chunks_200
311,22343549,0.755,0.755,ttr_form_chunks_200
312,37017891,0.74,0.74,ttr_form_chunks_200
313,39483033,0.5291218637992832,-0.5291218637992832,lexical_density
314,38837943,105.6,-105.6,tokens_per_sent
315,39636974,95.5625,-95.5625,tokens_per_sent
316,37871771,103.0,-103.0,n_tokens
317,21525387,1.3341531718008035,-1.3341531718008035,char_per_tok
318,40371246,0.4601056435918821,-0.4601056435918821,lexical_density
319,39017245,115.0,-115.0,n_tokens
320,38589076,0.33,0.33,ttr_form_chunks_100
321,40233915,12.0,12.0,n_sentences
322,39298448,4.997576475657044,-4.997576475657044,char_per_tok
323,25886449,0.71,0.71,ttr_lemma_chunks_200
324,32263541,0.2735161500723138,-0.2735161500723138,lexical_density
325,12208872,0.765,0.765,ttr_form_chunks_200
326,29463217,1.3723765238155083,-1.3723765238155083,char_per_tok
327,36543760,60.125,-60.125,tokens_per_sent
328,39515124,0.5087967644084934,-0.5087967644084934,lexical_density
329,29830153,12.0,12.0,n_sentences
330,39157994,0.5636363636363636,-0.5636363636363636,lexical_density
331,34902406,1.6417087430241821,-1.6417087430241821,char_per_tok
332,38963770,0.473776758409786,-0.473776758409786,lexical_density
333,35246534,0.71,0.71,ttr_lemma_chunks_200
334,39794370,0.82,0.82,ttr_form_chunks_100
335,36015547,1.5338556466672078,-1.5338556466672078,char_per_tok
336,39406372,0.5512136095095737,-0.5512136095095737,lexical_density
337,17192212,0.75,0.75,ttr_form_chunks_200
338,38361370,11.182934712346476,-11.182934712346476,upos_dist_DET
339,35447348,0.755,0.755,ttr_form_chunks_200
340,40543668,63.111111111111114,-63.111111111111114,tokens_per_sent
341,36485613,208.625,-208.625,tokens_per_sent
342,36795993,11.0,11.0,n_sentences
343,36181308,12.0,12.0,n_sentences
344,39742952,1.258532695374801,-1.258532695374801,char_per_tok
345,36395709,178.36363636363637,-178.36363636363637,tokens_per_sent
346,35519160,0.745,0.745,ttr_form_chunks_200
347,32215563,94.44444444444444,94.44444444444444,subj_post
348,37459618,0.32,-0.32,ttr_form_chunks_100
349,34753017,31.25,31.25,subj_post
350,37206702,11.0,11.0,n_sentences
351,34623225,72.0,-72.0,n_tokens
352,37238279,10.89423817335699,-10.89423817335699,upos_dist_DET
353,32152796,0.3400000000000001,0.3400000000000001,ttr_form_chunks_100
354,34265730,68.0,-68.0,n_tokens
355,34271712,12.0,12.0,n_sentences
356,33480456,5.663594470046083,-5.663594470046083,char_per_tok
357,25299902,174.0,174.0,tokens_per_sent
358,40021902,1.4639787750289122,-1.4639787750289122,char_per_tok
359,40510539,12.0,12.0,n_sentences
360,35313266,175.0,175.0,tokens_per_sent
361,36060746,0.74,0.74,ttr_form_chunks_200
362,38779651,12.0,12.0,n_sentences
363,17682392,99.55555555555556,-99.55555555555556,tokens_per_sent
364,34444799,11.0,11.0,n_sentences
365,13738577,0.49,0.49,ttr_form_chunks_100
366,18693622,0.2784843667196608,0.2784843667196608,lexical_density
367,35070104,10.0,10.0,n_sentences
368,40604662,1.2671957671957674,-1.2671957671957674,char_per_tok
369,17383522,11.62471395881007,-11.62471395881007,upos_dist_DET
370,37719053,11.0,11.0,n_sentences
371,38550411,0.5540540540540541,-0.5540540540540541,lexical_density
372,32114263,12.0,12.0,n_sentences
373,30773773,11.0,11.0,n_sentences
374,40807297,0.73,0.73,ttr_form_chunks_100
375,24522180,0.355820649938297,0.355820649938297,lexical_density
376,36420424,63.0,-63.0,tokens_per_sent
377,40790195,0.34,0.34,ttr_form_chunks_100
378,35313266,50.0,50.0,subj_post
379,36703678,12.822378979584222,-12.822378979584222,upos_dist_DET
380,38622507,89.0,-89.0,n_tokens
381,36009686,12.0,12.0,n_sentences
382,25944411,0.25131313131313127,-0.25131313131313127,lexical_density
383,39203734,96.0,-96.0,n_tokens
384,39315957,109.0,-109.0,n_tokens
385,31506073,33.333333333333336,33.333333333333336,subj_post
386,37359683,0.775,0.775,ttr_form_chunks_200
387,36403009,12.0,12.0,n_sentences
388,39887625,27.272727272727277,27.272727272727277,subj_post
389,40114200,0.27755617604042016,0.27755617604042016,lexical_density
390,36949805,10.0,10.0,n_sentences
391,34394930,0.44000000000000006,0.44000000000000006,ttr_form_chunks_100
392,40803117,0.69,0.69,ttr_lemma_chunks_200
393,37459618,14.0,14.0,n_sentences
394,40293549,0.74,0.74,ttr_form_chunks_200
395,35225942,0.38,0.38,ttr_form_chunks_100
396,39151842,207.27272727272728,-207.27272727272728,tokens_per_sent
397,34290157,135.25,135.25,tokens_per_sent
398,38863447,0.30509031198686376,0.30509031198686376,lexical_density
399,40735191,26.666666666666668,26.666666666666668,subj_post
400,32472063,0.52,0.52,ttr_form_chunks_100
401,34394930,80.9,-80.9,tokens_per_sent
402,36267417,0.75,0.75,ttr_form_chunks_200
403,24492700,0.755,0.755,ttr_form_chunks_200
404,22343549,0.715,0.715,ttr_lemma_chunks_200
405,15357770,0.69,0.69,ttr_lemma_chunks_200
406,40174478,33.333333333333336,33.333333333333336,subj_post
407,35090765,1.38489454459762,-1.38489454459762,char_per_tok
408,40550025,0.39,0.39,ttr_form_chunks_100
409,39550227,0.765,0.765,ttr_form_chunks_200
410,38675741,0.76,0.76,ttr_form_chunks_200
411,33866754,35.294117647058826,35.294117647058826,subj_post
412,32215563,0.2697003990708202,0.2697003990708202,lexical_density
413,26752940,74.0,-74.0,n_tokens
414,35239660,12.679971489665004,-12.679971489665004,upos_dist_DET
415,40681595,0.5123449852010041,-0.5123449852010041,lexical_density
416,33263621,0.695,0.695,ttr_lemma_chunks_200
417,39157994,12.145748987854253,-12.145748987854253,upos_dist_DET
418,40218421,0.76,0.76,ttr_form_chunks_200
419,35397968,108.38888888888889,-108.38888888888889,tokens_per_sent
420,40576680,0.5599999999999999,0.5599999999999999,ttr_form_chunks_100
421,39017245,0.4984693496602704,-0.4984693496602704,lexical_density
422,37810492,61.515151515151516,-61.515151515151516,tokens_per_sent
423,32233105,0.745,0.745,ttr_form_chunks_200
424,35687096,154.375,154.375,tokens_per_sent
425,33107078,1.2893425360218531,-1.2893425360218531,char_per_tok
426,40563590,0.32000000000000006,0.32000000000000006,ttr_form_chunks_100
427,38721752,0.36000000000000004,0.36000000000000004,ttr_form_chunks_100
428,35791347,0.705,0.705,ttr_lemma_chunks_200
429,40540625,72.0,-72.0,n_tokens
430,24784895,69.0,-69.0,n_tokens
431,36652154,1.3068606825619447,-1.3068606825619447,char_per_tok
432,39923988,1.3262588002799616,-1.3262588002799616,char_per_tok
433,32105380,94.21428571428572,-94.21428571428572,tokens_per_sent
434,32117984,70.0,-70.0,n_tokens
435,34271712,0.6000000000000001,0.6000000000000001,ttr_form_chunks_100
436,39876933,11.0,11.0,n_sentences
437,38755704,1.2856895356895364,-1.2856895356895364,char_per_tok
438,39182413,11.063192464542205,-11.063192464542205,upos_dist_DET
439,35519160,0.715,0.715,ttr_lemma_chunks_200
440,13738577,107.0,107.0,n_tokens
441,35618644,0.745,0.745,ttr_form_chunks_200
442,34714440,28.571428571428573,28.571428571428573,subj_post
443,40293549,0.7,0.7,ttr_lemma_chunks_200
444,35567790,0.75,0.75,ttr_form_chunks_200
445,35577579,0.74,0.74,ttr_form_chunks_200
446,33204724,0.705,0.705,ttr_lemma_chunks_200
447,35682191,11.0,11.0,n_sentences
448,34218396,0.7,0.7,ttr_lemma_chunks_200
449,37489590,0.695,0.695,ttr_lemma_chunks_200
450,36796693,0.74,0.74,ttr_form_chunks_200
451,36653179,11.177840867729488,-11.177840867729488,upos_dist_DET
452,24522180,1.2607980255039077,1.2607980255039077,char_per_tok
453,21817127,11.0,11.0,n_sentences
454,40189548,79.0,-79.0,n_tokens
455,39389266,0.705,0.705,ttr_lemma_chunks_200
456,40996789,10.998650472334685,-10.998650472334685,upos_dist_DET
457,11991161,0.695,0.695,ttr_lemma_chunks_200
458,33221969,1.2780269058295959,-1.2780269058295959,char_per_tok
459,36396373,187.875,-187.875,tokens_per_sent
460,37273027,0.33999999999999997,0.33999999999999997,ttr_form_chunks_100
461,39636974,14.0,14.0,n_sentences
462,35641916,0.735,0.735,ttr_form_chunks_200
463,35847161,28.571428571428573,28.571428571428573,subj_post
464,39552935,1.266071501365619,-1.266071501365619,char_per_tok
465,39313252,16.0,16.0,n_sentences
466,39285435,14.0,14.0,n_sentences
467,30503789,181.66666666666669,181.66666666666669,tokens_per_sent
468,35135551,0.755,0.755,ttr_form_chunks_200
469,33698168,92.94444444444444,-92.94444444444444,tokens_per_sent
470,35848258,202.2,-202.2,tokens_per_sent
471,39439298,0.31999999999999995,0.31999999999999995,ttr_form_chunks_100
472,34489174,33.333333333333336,33.333333333333336,subj_post
473,35768068,0.32,0.32,ttr_form_chunks_100
474,35486027,1.3873849284136872,-1.3873849284136872,char_per_tok
475,37495715,27.77777777777778,27.77777777777778,subj_post
476,31972002,33.333333333333336,33.333333333333336,subj_post
477,33595861,31.57894736842105,31.57894736842105,subj_post
478,35293745,0.725,0.725,ttr_lemma_chunks_200
479,32788317,0.74,0.74,ttr_form_chunks_200
480,35447348,0.72,0.72,ttr_lemma_chunks_200
481,39482745,0.31999999999999995,0.31999999999999995,ttr_form_chunks_100
482,40084002,0.61,0.61,ttr_form_chunks_100
483,38209045,1.2542486771005406,-1.2542486771005406,char_per_tok
484,25886449,0.755,0.755,ttr_form_chunks_200
485,25944411,0.43000000000000005,0.43000000000000005,ttr_form_chunks_100
486,33599075,0.43000000000000005,0.43000000000000005,ttr_form_chunks_100
487,40460776,1.4587634443506676,-1.4587634443506676,char_per_tok
488,37686779,11.0,11.0,n_sentences
489,14941514,51.93333333333333,-51.93333333333333,tokens_per_sent
490,37743564,11.139105206901817,-11.139105206901817,upos_dist_DET
491,35673743,0.735,0.735,ttr_form_chunks_200
492,39130832,0.3207611281005777,-0.3207611281005777,lexical_density
493,27712282,19.0,19.0,n_sentences
494,21817127,171.5,-171.5,tokens_per_sent
495,29984665,11.0,11.0,n_sentences
496,33373254,131.125,131.125,tokens_per_sent
497,35060100,183.71428571428572,183.71428571428572,tokens_per_sent
498,17220572,11.222067785737197,-11.222067785737197,upos_dist_DET
499,36359783,11.061177767414254,-11.061177767414254,upos_dist_DET
500,36719025,0.695,0.695,ttr_lemma_chunks_200
501,20453402,11.0,11.0,n_sentences
502,38465986,1.2574472096530918,-1.2574472096530918,char_per_tok
503,36703558,50.0,-50.0,subj_post
504,35029834,0.24977538185085357,0.24977538185085357,lexical_density
505,35829875,28.571428571428573,28.571428571428573,subj_post
506,37392408,0.695,0.695,ttr_lemma_chunks_200
507,24387491,1.2701298701298707,-1.2701298701298707,char_per_tok
508,39215865,29.166666666666668,29.166666666666668,subj_post
509,35239660,0.3393665158371042,0.3393665158371042,lexical_density
510,39794370,75.0,75.0,n_tokens
511,34569970,0.75,0.75,ttr_form_chunks_200
512,34475424,1.3934579439252337,-1.3934579439252337,char_per_tok
513,39095205,0.5800000000000001,0.5800000000000001,ttr_form_chunks_100
514,10978576,1.4689346231253646,-1.4689346231253646,char_per_tok
515,39034811,0.2977801268498943,0.2977801268498943,lexical_density
516,40681597,108.0,-108.0,n_tokens
517,37091227,11.0,11.0,n_sentences
518,33316413,27.77777777777778,27.77777777777778,subj_post
519,38768805,0.53,-0.53,ttr_form_chunks_100
520,14883651,1.3222920236055593,-1.3222920236055593,char_per_tok
521,38865337,0.7,0.7,ttr_lemma_chunks_200
522,38643910,11.428571428571429,-11.428571428571429,upos_dist_DET
523,35457583,1.373352793994996,-1.373352793994996,char_per_tok
524,27199485,159.125,-159.125,tokens_per_sent
525,37331430,0.745,0.745,ttr_form_chunks_200
526,40312167,12.06896551724138,-12.06896551724138,upos_dist_DET
527,38847225,130.0,-130.0,n_tokens
528,38700814,0.71,0.71,ttr_lemma_chunks_200
529,39671675,0.31999999999999995,0.31999999999999995,ttr_form_chunks_100
530,40818038,0.745,0.745,ttr_form_chunks_200
531,40634755,0.35,0.35,ttr_form_chunks_100
532,39390083,0.715,0.715,ttr_lemma_chunks_200
533,36538255,69.0,-69.0,n_tokens
534,40797362,11.762176770468644,-11.762176770468644,upos_dist_DET
535,36242851,153.54545454545456,-153.54545454545456,tokens_per_sent
536,35893452,11.0,11.0,n_sentences
537,35825863,0.33999999999999997,0.33999999999999997,ttr_form_chunks_100
538,39505965,0.4493496977468401,-0.4493496977468401,lexical_density
539,13738577,115.72727272727272,-115.72727272727272,tokens_per_sent
540,35683790,10.0,10.0,n_sentences
541,39632856,72.0,-72.0,n_tokens
542,40312167,95.0,-95.0,n_tokens
543,32168358,59.111111111111114,-59.111111111111114,tokens_per_sent
544,40326635,14.0,14.0,n_sentences
545,37634967,31.03448275862069,31.03448275862069,subj_post
546,39537967,0.76,0.76,ttr_form_chunks_200
547,39490972,12.32555000674855,-12.32555000674855,upos_dist_DET
548,40349446,0.74,0.74,ttr_form_chunks_200
549,13840612,12.0,12.0,n_sentences
550,36625068,14.0,14.0,n_sentences
551,31907947,76.0,-76.0,tokens_per_sent
552,34569970,0.69,0.69,ttr_lemma_chunks_200
553,39640744,0.37000000000000005,0.37000000000000005,ttr_form_chunks_100
554,35223159,11.394672436420388,-11.394672436420388,upos_dist_DET
555,36396373,50.0,-50.0,subj_post
556,35873206,1.2837194096768165,-1.2837194096768165,char_per_tok
557,14746549,73.0,-73.0,n_tokens
558,36703558,0.42,0.42,ttr_form_chunks_100
559,23989422,1.354116638078903,-1.354116638078903,char_per_tok
560,35718273,10.0,10.0,n_sentences
561,37949878,26.666666666666668,26.666666666666668,subj_post
562,37871771,12.033195020746888,-12.033195020746888,upos_dist_DET
563,39490972,0.4112721417069244,-0.4112721417069244,lexical_density
564,28850833,74.0,-74.0,n_tokens
565,35737294,133.88888888888889,133.88888888888889,tokens_per_sent
566,40018661,0.695,0.695,ttr_lemma_chunks_200
567,39794370,3.9489795918367356,-3.9489795918367356,char_per_tok
568,40623890,1.3733133129070874,-1.3733133129070874,char_per_tok
569,21410182,28.571428571428573,28.571428571428573,subj_post
570,39313248,12.0,12.0,n_sentences
571,38289805,12.0,12.0,n_sentences
572,37686780,0.26541353383458643,0.26541353383458643,lexical_density
573,40543668,0.4,0.4,ttr_form_chunks_100
574,36825239,1.3268098709601963,-1.3268098709601963,char_per_tok
575,40680505,33.333333333333336,33.333333333333336,subj_post
576,35361645,12.0,12.0,n_sentences
577,36703558,78.42857142857143,-78.42857142857143,tokens_per_sent
578,37031772,1.2504695885509838,-1.2504695885509838,char_per_tok
579,29362929,0.71,0.71,ttr_lemma_chunks_200
580,40186929,1.5103585414848935,-1.5103585414848935,char_per_tok
581,35999517,0.55,0.55,ttr_form_chunks_100
582,37440379,13.368283093053735,-13.368283093053735,upos_dist_DET
583,38599443,0.2558139534883721,0.2558139534883721,lexical_density
584,30503789,13.414634146341465,-13.414634146341465,upos_dist_DET
585,38746782,204.72727272727272,-204.72727272727272,tokens_per_sent
586,37325926,0.75,0.75,ttr_form_chunks_200
587,39909518,0.715,0.715,ttr_lemma_chunks_200
588,35737294,0.46,-0.46,ttr_form_chunks_100
589,38361222,11.0,11.0,n_sentences
590,16659380,83.0,-83.0,n_tokens
591,29131242,12.2654211899352,-12.2654211899352,upos_dist_DET
592,34394694,0.7,0.7,ttr_lemma_chunks_200
593,30649956,0.32608695652173914,0.32608695652173914,lexical_density
594,36542696,11.481956924832403,-11.481956924832403,upos_dist_DET
595,38940564,11.0,11.0,n_sentences
596,33759437,69.0,-69.0,n_tokens
597,38864525,0.735,0.735,ttr_lemma_chunks_200
598,35389006,0.745,0.745,ttr_form_chunks_200
599,17582676,0.37074116450546646,0.37074116450546646,lexical_density
600,37206702,0.56,0.56,ttr_form_chunks_100
601,38429756,12.0,12.0,n_sentences
602,32403311,1.4893121746095312,-1.4893121746095312,char_per_tok
603,36101833,75.0,-75.0,n_tokens
604,36997563,0.7,0.7,ttr_lemma_chunks_200
605,36653594,28.571428571428573,28.571428571428573,subj_post
606,35565381,10.0,10.0,n_sentences
607,23499456,14.0,14.0,n_sentences
608,35211391,0.715,0.715,ttr_lemma_chunks_200
609,35620401,0.725,0.725,ttr_lemma_chunks_200
610,38248147,11.0,11.0,n_sentences
611,33140551,5.151708701823344,-5.151708701823344,char_per_tok
612,35848258,0.2973239745558236,-0.2973239745558236,lexical_density
613,40232724,0.5031674208144797,-0.5031674208144797,lexical_density
614,40681597,0.4702380952380953,-0.4702380952380953,lexical_density
615,33168556,0.695,0.695,ttr_lemma_chunks_200
616,40638354,27.77777777777778,-27.77777777777778,subj_post
617,40327324,0.76,0.76,ttr_form_chunks_200
618,16588903,27.77777777777778,27.77777777777778,subj_post
619,38488583,0.43,0.43,ttr_form_chunks_100
620,35260399,50.0,50.0,subj_post
621,38441016,11.0,11.0,n_sentences
622,17761153,11.638120333772505,-11.638120333772505,upos_dist_DET
623,11061389,11.0,11.0,n_sentences
624,40371547,0.57,-0.57,ttr_form_chunks_100
625,35620401,0.76,0.76,ttr_form_chunks_200
626,39636974,0.41,0.41,ttr_form_chunks_100
627,31436513,28.571428571428573,28.571428571428573,subj_post
628,33550643,31.25,31.25,subj_post
629,14875297,0.76,0.76,ttr_form_chunks_200
630,10099724,29.41176470588235,29.41176470588235,subj_post
631,10978576,62.15151515151514,-62.15151515151514,tokens_per_sent
632,37743180,69.0,-69.0,n_tokens
633,36540944,0.48608903020667726,0.48608903020667726,lexical_density
634,39539279,11.13598613418069,-11.13598613418069,upos_dist_DET
635,39483033,105.0,-105.0,n_tokens
636,36007906,0.5,0.5,ttr_form_chunks_100
637,32577089,29.41176470588235,29.41176470588235,subj_post
638,36007906,150.88888888888889,-150.88888888888889,tokens_per_sent
639,31797599,29.41176470588235,29.41176470588235,subj_post
640,33034527,1.293760064412239,-1.293760064412239,char_per_tok
641,40278355,100.0,-100.0,n_tokens
642,39976302,0.4600000000000001,0.4600000000000001,ttr_form_chunks_100
643,35337747,28.571428571428573,28.571428571428573,subj_post
644,20274388,1.2788944723618094,-1.2788944723618094,char_per_tok
645,36304250,79.0,79.0,tokens_per_sent
646,32936464,28.571428571428573,28.571428571428573,subj_post
647,17529542,11.646295950737077,-11.646295950737077,upos_dist_DET
648,39194975,0.555608300556083,-0.555608300556083,lexical_density
649,40609486,11.79890560875513,-11.79890560875513,upos_dist_DET
650,38146959,10.0,10.0,n_sentences
651,38632717,11.554175518875635,-11.554175518875635,upos_dist_DET
652,36006401,11.363074946889977,-11.363074946889977,upos_dist_DET
653,39536428,0.77,0.77,ttr_form_chunks_200
654,38263809,28.571428571428573,28.571428571428573,subj_post
655,35658900,12.251313067006206,-12.251313067006206,upos_dist_DET
656,37531437,0.74,0.74,ttr_form_chunks_200
657,36516209,28.571428571428573,28.571428571428573,subj_post
658,35852356,11.0,11.0,n_sentences
659,40112183,50.0,50.0,subj_post
660,40448181,11.0,11.0,n_sentences
661,39017245,15.32258064516129,-15.32258064516129,upos_dist_DET
662,38353526,27.272727272727277,27.272727272727277,subj_post
663,36043754,0.32133956386292833,0.32133956386292833,lexical_density
664,38036431,14.0,14.0,n_sentences
665,39455587,104.0,-104.0,n_tokens
666,24492700,0.695,0.695,ttr_lemma_chunks_200
667,16042941,17.0,17.0,n_sentences
668,35718273,177.72727272727272,-177.72727272727272,tokens_per_sent
669,33599075,178.66666666666669,-178.66666666666669,tokens_per_sent
670,38916812,0.34955257270693507,0.34955257270693507,lexical_density
671,40073761,0.74,0.74,ttr_form_chunks_200
672,35815829,0.2705790297339593,0.2705790297339593,lexical_density
673,34623483,0.695,0.695,ttr_lemma_chunks_200
674,38036554,13.0,13.0,n_sentences
675,25299902,0.38000000000000006,-0.38000000000000006,ttr_form_chunks_100
676,32105380,12.0,12.0,n_sentences
677,35504410,211.0909090909091,-211.0909090909091,tokens_per_sent
678,40077181,30.76923076923077,30.76923076923077,subj_post
679,39515124,116.0,-116.0,n_tokens
680,34282816,0.7,0.7,ttr_lemma_chunks_200
681,40278355,11.764705882352942,-11.764705882352942,upos_dist_DET
682,36599396,0.2909902597402597,0.2909902597402597,lexical_density
683,38774447,0.69,0.69,ttr_form_chunks_100
684,38963770,13.580246913580249,-13.580246913580249,upos_dist_DET
685,27199485,0.47,0.47,ttr_form_chunks_100
686,32342638,95.875,-95.875,tokens_per_sent
687,40858683,0.7,0.7,ttr_lemma_chunks_200
688,34271712,77.0,77.0,n_tokens
689,35533072,4.513707165109033,-4.513707165109033,char_per_tok
690,24346794,0.35482551799345696,0.35482551799345696,lexical_density
691,38700814,0.745,0.745,ttr_form_chunks_200
692,24282974,0.715,0.715,ttr_lemma_chunks_200
693,37871771,0.43434802362562475,-0.43434802362562475,lexical_density
694,37437036,10.930963282161773,-10.930963282161773,upos_dist_DET
695,30525540,74.0,-74.0,n_tokens
696,21996629,0.725,0.725,ttr_lemma_chunks_200
697,29925419,67.0,-67.0,n_tokens
698,40246763,186.0909090909091,-186.0909090909091,tokens_per_sent
699,38777496,12.0,12.0,n_sentences
700,35031141,0.26210045662100456,0.26210045662100456,lexical_density
701,35567790,0.705,0.705,ttr_lemma_chunks_200
702,38361698,10.939112487100102,-10.939112487100102,upos_dist_DET
703,40940244,0.745,0.745,ttr_form_chunks_200
704,13754900,10.959383753501402,-10.959383753501402,upos_dist_DET
705,38894758,57.41666666666666,-57.41666666666666,tokens_per_sent
706,38349903,12.0,12.0,n_sentences
707,37282854,12.0,12.0,n_sentences
708,40537971,0.4812185066422356,-0.4812185066422356,lexical_density
709,38144717,31.818181818181817,31.818181818181817,subj_post
710,40328971,0.38105667497809825,0.38105667497809825,lexical_density
711,36878061,0.7,0.7,ttr_lemma_chunks_200
712,38930800,1.354131353659322,-1.354131353659322,char_per_tok
713,35825863,83.71428571428572,-83.71428571428572,tokens_per_sent
714,38085792,1.4660184279191126,-1.4660184279191126,char_per_tok
715,37068074,10.0,10.0,n_sentences
716,21065539,13.0,13.0,n_sentences
717,38550411,11.6,-11.6,upos_dist_DET
718,37359683,0.725,0.725,ttr_lemma_chunks_200
719,40790195,12.0,12.0,n_sentences
720,35213808,29.166666666666668,29.166666666666668,subj_post
721,39012757,10.0,10.0,n_sentences
722,36779864,0.725,0.725,ttr_lemma_chunks_200
723,33741309,70.0,-70.0,n_tokens
724,33869531,68.0,-68.0,n_tokens
725,40790195,215.69230769230768,-215.69230769230768,tokens_per_sent
726,34820093,13.0,13.0,n_sentences
727,39455363,11.0,11.0,n_sentences
728,40371246,131.0,-131.0,n_tokens
729,16660418,141.14285714285714,141.14285714285714,tokens_per_sent
730,39141260,80.0,-80.0,n_tokens
731,34076465,185.44444444444443,185.44444444444443,tokens_per_sent
732,35227626,31.818181818181817,31.818181818181817,subj_post
733,35354845,0.287491919844861,0.287491919844861,lexical_density
734,16207282,50.0,50.0,subj_post
735,39203734,12.017167381974248,-12.017167381974248,upos_dist_DET
736,35782478,10.954802259887007,-10.954802259887007,upos_dist_DET
737,24346794,12.0,12.0,n_sentences
738,17192212,0.705,0.705,ttr_lemma_chunks_200
739,38745706,212.5,-212.5,tokens_per_sent
740,40415393,0.2677961507183519,0.2677961507183519,lexical_density
741,35504410,0.2826701456838443,-0.2826701456838443,lexical_density
742,38847225,0.4185154295246039,-0.4185154295246039,lexical_density
743,35006910,43.75,43.75,subj_post
744,39998633,110.0,-110.0,n_tokens
745,35618644,0.705,0.705,ttr_lemma_chunks_200
746,29253207,40.0,40.0,subj_post
747,29864834,0.33839285714285716,0.33839285714285716,lexical_density
748,17540745,13.647985157363621,-13.647985157363621,upos_dist_DET
749,38714949,36.36363636363637,36.36363636363637,subj_post
750,35521019,0.71,0.71,ttr_lemma_chunks_200
751,35181506,11.162870945479643,-11.162870945479643,upos_dist_DET
752,38248147,0.2971886553683532,-0.2971886553683532,lexical_density
753,27543546,1.2697372774799804,-1.2697372774799804,char_per_tok
754,28951778,28.571428571428573,28.571428571428573,subj_post
755,35379139,0.76,0.76,ttr_form_chunks_200
756,38881539,73.0,-73.0,n_tokens
757,38881539,12.5,-12.5,upos_dist_DET
758,32472063,136.2,-136.2,tokens_per_sent
759,36824628,53.22222222222222,-53.22222222222222,tokens_per_sent
760,39329284,14.0,14.0,n_sentences
761,27005788,0.69,0.69,ttr_lemma_chunks_200
762,40232724,98.0,-98.0,n_tokens
763,38063708,11.231518370960602,-11.231518370960602,upos_dist_DET
764,40940244,0.725,0.725,ttr_lemma_chunks_200
765,33615038,0.695,0.695,ttr_lemma_chunks_200
766,37524153,1.2790073775989272,-1.2790073775989272,char_per_tok
767,37694397,27.77777777777778,-27.77777777777778,subj_post
768,38838365,11.772287862513428,-11.772287862513428,upos_dist_DET
769,38201549,97.0,-97.0,n_tokens
770,22373665,0.2658390949088624,0.2658390949088624,lexical_density
771,37028002,0.695,0.695,ttr_lemma_chunks_200
772,30709894,1.5296803652968038,-1.5296803652968038,char_per_tok
773,28652638,0.7,0.7,ttr_lemma_chunks_200
774,36009686,197.30769230769232,-197.30769230769232,tokens_per_sent
775,39796686,10.768824771287825,-10.768824771287825,upos_dist_DET
776,40417076,0.5152086475615888,-0.5152086475615888,lexical_density
777,17098920,1.3113973182780523,-1.3113973182780523,char_per_tok
778,36542696,75.0,-75.0,n_tokens
779,40716173,0.3569142125480155,0.3569142125480155,lexical_density
780,37325926,0.71,0.71,ttr_lemma_chunks_200
781,38675741,0.705,0.705,ttr_lemma_chunks_200
782,35881584,69.0,-69.0,n_tokens
783,30623610,1.277228330978562,-1.277228330978562,char_per_tok
784,15528816,1.2700531091383,-1.2700531091383,char_per_tok
785,35301843,107.0,-107.0,n_tokens
786,33378014,29.41176470588235,29.41176470588235,subj_post
787,39247881,12.82051282051282,-12.82051282051282,upos_dist_DET
788,40797362,76.2,76.2,tokens_per_sent
789,25240771,1.3561673068715323,-1.3561673068715323,char_per_tok
790,36779864,0.765,0.765,ttr_form_chunks_200
791,40073761,0.705,0.705,ttr_lemma_chunks_200
792,36101078,27.77777777777778,27.77777777777778,subj_post
793,23855428,33.333333333333336,33.333333333333336,subj_post
794,35054384,50.0,50.0,subj_post
795,39605164,0.715,0.715,ttr_lemma_chunks_200
796,17598542,11.545893719806763,-11.545893719806763,upos_dist_DET
797,39878576,14.574898785425102,-14.574898785425102,upos_dist_DET
798,34637598,0.705,0.705,ttr_lemma_chunks_200
799,39006800,11.740890688259109,-11.740890688259109,upos_dist_DET
800,21195249,0.745,0.745,ttr_form_chunks_200
801,40255209,29.166666666666668,29.166666666666668,subj_post
802,34830895,0.74,0.74,ttr_form_chunks_200
803,35260399,0.24705882352941178,0.24705882352941178,lexical_density
804,40668379,0.32,0.32,ttr_form_chunks_100
805,39482993,85.0,-85.0,n_tokens
806,36796693,0.69,0.69,ttr_lemma_chunks_200
807,34348391,11.0,11.0,n_sentences
808,36719025,0.755,0.755,ttr_form_chunks_200
809,36242851,0.47,0.47,ttr_form_chunks_100
810,40739163,0.75,0.75,ttr_form_chunks_200
811,40932167,11.0,11.0,n_sentences
812,39342454,0.7,0.7,ttr_lemma_chunks_200
813,38665058,10.932774319502009,-10.932774319502009,upos_dist_DET
814,13151490,11.492518546460452,-11.492518546460452,upos_dist_DET
815,36503809,11.667067018976699,-11.667067018976699,upos_dist_DET
816,32283936,30.76923076923077,30.76923076923077,subj_post
817,39482993,0.4285714285714286,-0.4285714285714286,lexical_density
818,39209932,0.31000000000000005,0.31000000000000005,ttr_form_chunks_100
819,32260854,0.745,0.745,ttr_form_chunks_200
820,33140551,88.0,88.0,n_tokens
821,40473649,0.3714285714285714,0.3714285714285714,lexical_density
822,35246534,0.74,0.74,ttr_form_chunks_200
823,37634136,0.69,0.69,ttr_lemma_chunks_200
824,38111912,87.81818181818181,-87.81818181818181,tokens_per_sent
825,35902222,0.745,0.745,ttr_form_chunks_200
826,37527515,10.951468710089399,-10.951468710089399,upos_dist_DET
827,39006800,116.0,-116.0,n_tokens
828,40849947,1.2637021257710908,-1.2637021257710908,char_per_tok
829,38959660,0.24946908919301547,0.24946908919301547,lexical_density
830,13458342,1.2531826694442687,-1.2531826694442687,char_per_tok
831,35588856,0.28655608904408547,0.28655608904408547,lexical_density
832,40681595,11.666666666666666,-11.666666666666666,upos_dist_DET
833,39505965,111.0,-111.0,n_tokens
834,33140551,0.75,0.75,ttr_form_chunks_100
835,32933634,0.2841899441340783,-0.2841899441340783,lexical_density
836,35641916,0.705,0.705,ttr_lemma_chunks_200
837,40121017,33.333333333333336,33.333333333333336,subj_post
838,14875297,0.72,0.72,ttr_lemma_chunks_200
839,35506197,0.39055299539170507,-0.39055299539170507,lexical_density
840,19943590,0.75,0.75,ttr_form_chunks_200
841,39006800,0.4637942332896462,-0.4637942332896462,lexical_density
842,27342793,0.695,0.695,ttr_lemma_chunks_200
843,39320344,0.31000000000000005,0.31000000000000005,ttr_form_chunks_100
844,17681099,14.276850663243474,-14.276850663243474,upos_dist_DET
845,39982452,0.4607226107226107,-0.4607226107226107,lexical_density
846,39605164,0.74,0.74,ttr_form_chunks_200
847,40576680,206.8,-206.8,tokens_per_sent
848,33204724,0.77,0.77,ttr_form_chunks_200
849,39151842,0.41000000000000003,0.41000000000000003,ttr_form_chunks_100
850,32933634,0.47000000000000003,0.47000000000000003,ttr_form_chunks_100
851,39141260,0.2711966507032921,-0.2711966507032921,lexical_density
852,35351305,11.838814265863824,-11.838814265863824,upos_dist_DET
853,35533072,138.0,138.0,n_tokens
854,16146367,12.0,12.0,n_sentences
855,16660418,0.49000000000000005,-0.49000000000000005,ttr_form_chunks_100
856,36507113,11.089567604667124,-11.089567604667124,upos_dist_DET
857,36540944,99.0,99.0,n_tokens
858,36845136,57.23333333333333,-57.23333333333333,tokens_per_sent
859,36417368,0.28,0.28,lexical_density
860,34510266,1.2765707198152345,-1.2765707198152345,char_per_tok
861,37796986,69.0,-69.0,n_tokens
862,35999517,180.63636363636363,-180.63636363636363,tokens_per_sent
863,38620044,0.695,0.695,ttr_lemma_chunks_200
864,35862935,1.2642611325477109,-1.2642611325477109,char_per_tok
865,34282816,0.74,0.74,ttr_form_chunks_200
866,35768068,51.78787878787878,-51.78787878787878,tokens_per_sent
867,32065655,12.0,12.0,n_sentences
868,39459357,0.35000000000000003,0.35000000000000003,ttr_form_chunks_100
869,20271169,78.05555555555556,78.05555555555556,tokens_per_sent
870,36455294,0.705,0.705,ttr_lemma_chunks_200
871,37139907,12.0,12.0,n_sentences
872,35996027,28.0,28.0,subj_post
873,35791347,0.76,0.76,ttr_form_chunks_200
874,33652158,11.848689266501577,-11.848689266501577,upos_dist_DET
875,34518379,28.571428571428573,-28.571428571428573,subj_post
876,40618639,0.35,0.35,ttr_form_chunks_100
877,38622507,13.191489361702128,-13.191489361702128,upos_dist_DET
878,38847295,0.59,-0.59,ttr_form_chunks_100
879,37394222,11.0,11.0,n_sentences
880,39334460,0.44000000000000006,0.44000000000000006,ttr_form_chunks_100
881,35338809,55.366666666666674,-55.366666666666674,tokens_per_sent
882,36919578,1.2740817740817736,-1.2740817740817736,char_per_tok
883,24116517,10.0,10.0,n_sentences
884,32342638,0.289575057180691,-0.289575057180691,lexical_density
885,40405681,112.0,-112.0,n_tokens
886,39343279,0.25527449163168514,0.25527449163168514,lexical_density
887,38858708,0.38999999999999996,0.38999999999999996,ttr_form_chunks_100
888,26752940,11.13564599112328,-11.13564599112328,upos_dist_DET
889,40972934,1.38717204715622,-1.38717204715622,char_per_tok
890,31008678,0.3531614575831773,0.3531614575831773,lexical_density
891,38881539,0.48243302591128684,-0.48243302591128684,lexical_density
892,39245035,0.4680491551459294,-0.4680491551459294,lexical_density
893,22036807,68.0,-68.0,n_tokens
894,39203734,0.5812807881773399,-0.5812807881773399,lexical_density
895,33373254,78.0,-78.0,n_tokens
896,38622507,0.4618206992038768,-0.4618206992038768,lexical_density
897,38134860,87.27272727272728,-87.27272727272728,tokens_per_sent
898,35866358,94.6,-94.6,tokens_per_sent
899,32940458,26.666666666666668,26.666666666666668,subj_post
900,40057847,12.806777600486285,-12.806777600486285,upos_dist_DET
901,38863447,11.419225801075045,-11.419225801075045,upos_dist_DET
902,39194975,72.0,-72.0,n_tokens
903,39157994,134.0,-134.0,n_tokens
904,22107104,11.0,11.0,n_sentences
905,24282974,0.745,0.745,ttr_form_chunks_200
906,39878576,0.4578120231919439,-0.4578120231919439,lexical_density
907,35925737,214.1818181818182,-214.1818181818182,tokens_per_sent
908,38643910,0.5640316205533598,-0.5640316205533598,lexical_density
909,35775155,63.83333333333333,-63.83333333333333,tokens_per_sent
910,35910978,12.442396313364057,-12.442396313364057,upos_dist_DET
911,37206702,0.28139143928617616,-0.28139143928617616,lexical_density
912,38999993,16.0,16.0,n_sentences
913,39909518,0.745,0.745,ttr_form_chunks_200
914,32326063,1.2660838528959975,-1.2660838528959975,char_per_tok
915,38973702,0.78,0.78,ttr_form_chunks_100
916,12671197,31.25,31.25,subj_post
917,37952914,27.77777777777778,-27.77777777777778,subj_post
918,30392525,0.745,0.745,ttr_form_chunks_200
919,39313248,0.32999999999999996,-0.32999999999999996,ttr_form_chunks_100
920,39878576,120.0,-120.0,n_tokens
921,31907947,0.47000000000000003,0.47000000000000003,ttr_form_chunks_100
922,39481326,0.275,0.275,lexical_density
923,39390083,0.765,0.765,ttr_form_chunks_200
924,19082588,169.66666666666669,169.66666666666669,tokens_per_sent
925,35239660,94.66666666666667,94.66666666666667,tokens_per_sent
926,23762656,1.2899092058384092,-1.2899092058384092,char_per_tok
927,39222239,0.32,0.32,ttr_form_chunks_100
928,13738577,1.3812230835486652,-1.3812230835486652,char_per_tok
929,37140526,10.866155085428414,-10.866155085428414,upos_dist_DET
930,22228151,0.745,0.745,ttr_form_chunks_200
931,20755057,1.361245173745174,-1.361245173745174,char_per_tok
932,16660418,0.274461575379447,-0.274461575379447,lexical_density
933,34290157,87.0,-87.0,n_tokens
934,35848258,0.6,0.6,ttr_form_chunks_100
935,33792610,1.5389272814581294,-1.5389272814581294,char_per_tok
936,40398562,0.75,0.75,ttr_lemma_chunks_200
937,28106814,1.2687396947533083,-1.2687396947533083,char_per_tok
938,37561590,72.0,-72.0,n_tokens
939,34556644,11.0,11.0,n_sentences
940,14121191,11.836151464634437,-11.836151464634437,upos_dist_DET
941,36355395,27.272727272727277,27.272727272727277,subj_post
942,38577200,0.705,0.705,ttr_lemma_chunks_200
943,16660418,12.658227848101266,-12.658227848101266,upos_dist_DET
944,35565381,60.69230769230769,-60.69230769230769,tokens_per_sent
945,33841956,27.77777777777778,27.77777777777778,subj_post
946,40398562,0.765,0.765,ttr_form_chunks_200
947,39455587,12.195121951219512,-12.195121951219512,upos_dist_DET
948,39490972,84.0,-84.0,n_tokens
949,32087203,0.745,0.745,ttr_form_chunks_200
950,36207411,11.14125127492893,-11.14125127492893,upos_dist_DET
951,30695528,0.745,0.745,ttr_form_chunks_200
952,38118223,0.695,0.695,ttr_lemma_chunks_200
953,40651443,10.0,10.0,n_sentences
954,35916873,0.2682068543451652,0.2682068543451652,lexical_density
955,39464296,0.69,0.69,ttr_lemma_chunks_200
956,19311871,64.33333333333333,-64.33333333333333,tokens_per_sent
957,35851890,0.695,0.695,ttr_lemma_chunks_200
958,39390582,0.76,0.76,ttr_form_chunks_200
959,40828564,0.37,0.37,ttr_form_chunks_100
960,23892715,64.85714285714286,64.85714285714286,tokens_per_sent
961,37847391,0.745,0.745,ttr_form_chunks_200
962,39406372,11.522633744855968,-11.522633744855968,upos_dist_DET
963,39692942,0.35330143540669856,-0.35330143540669856,lexical_density
964,36159681,78.0,-78.0,n_tokens
965,38837943,0.54,0.54,ttr_form_chunks_100
966,36543760,1.6017316017316015,-1.6017316017316015,char_per_tok
967,35315451,90.5,-90.5,tokens_per_sent
968,31673856,11.0,11.0,n_sentences
969,36610685,71.0,-71.0,n_tokens
970,19146362,29.41176470588235,29.41176470588235,subj_post
971,15321722,10.0,10.0,n_sentences
972,34714217,1.2699735449735448,-1.2699735449735448,char_per_tok
973,36940930,14.081831035701661,-14.081831035701661,upos_dist_DET
974,32933634,186.625,-186.625,tokens_per_sent
975,30507700,56.22222222222222,-56.22222222222222,tokens_per_sent
976,38425508,1.371274468777607,-1.371274468777607,char_per_tok
977,36166970,0.28286057996707603,-0.28286057996707603,lexical_density
978,35825863,1.944802465676661,-1.944802465676661,char_per_tok
979,34027603,0.7,0.7,ttr_lemma_chunks_200
980,36603382,12.0,12.0,n_sentences
981,38071342,0.7,0.7,ttr_lemma_chunks_200
982,34290157,11.212221226837663,-11.212221226837663,upos_dist_DET
983,39864196,0.31,0.31,ttr_form_chunks_100
984,32218443,1.279600365051155,-1.279600365051155,char_per_tok
985,39544281,0.32,0.32,ttr_form_chunks_100
986,37206702,91.3076923076923,-91.3076923076923,tokens_per_sent
987,36419683,1.442942521358951,-1.442942521358951,char_per_tok
988,38958752,113.0,-113.0,n_tokens
989,36320031,81.6,-81.6,tokens_per_sent
990,39426704,13.0,13.0,n_sentences
991,35971029,0.715,0.715,ttr_lemma_chunks_200
992,36396373,0.5499999999999999,0.5499999999999999,ttr_form_chunks_100
993,38958752,0.5927601809954751,-0.5927601809954751,lexical_density
994,37275524,0.34,0.34,ttr_form_chunks_100
995,35241334,15.0,15.0,n_sentences
996,35822801,72.0,-72.0,n_tokens
997,39992678,11.428767311120252,-11.428767311120252,upos_dist_DET
998,40716173,152.66666666666669,152.66666666666669,tokens_per_sent
999,34389322,18.0,18.0,n_sentences
