identifier,abs_difference,raw_difference,normalized_diff_old_mean,reason
7151,13.0,-13.0,0.0685418436248971,n_prepositional_chains
29645,12.0,-12.0,0.08680120018175022,n_prepositional_chains
1668,12.0,-12.0,0.06420075816030084,n_prepositional_chains
45064,11.0,-11.0,0.04146346587959345,n_prepositional_chains
6770,11.0,-11.0,0.0765631029400672,n_prepositional_chains
11020,11.0,-11.0,0.07134037368672227,n_prepositional_chains
19470,11.0,-11.0,0.06277676466524772,n_prepositional_chains
24703,11.0,-11.0,0.09360099099708769,n_prepositional_chains
37531,10.0,-10.0,0.03557211873085467,n_prepositional_chains
33898,10.0,-10.0,0.07272862118002968,n_prepositional_chains
24818,10.0,-10.0,0.07830172869547579,n_prepositional_chains
33211,10.0,-10.0,0.05212147294796597,n_prepositional_chains
15581,10.0,-10.0,0.06934705689151262,n_prepositional_chains
12628,10.0,-10.0,0.05710052509086185,n_prepositional_chains
24022,10.0,-10.0,0.057005939146461834,n_prepositional_chains
38040,10.0,-10.0,0.07241897576260314,n_prepositional_chains
38602,10.0,-10.0,0.036120776004376166,n_prepositional_chains
31234,10.0,-10.0,0.07444152696239567,n_prepositional_chains
25157,10.0,-10.0,0.06322818424152912,n_prepositional_chains
48561,10.0,-10.0,0.05612325879538908,n_prepositional_chains
1727,10.0,-10.0,0.06063899198533732,n_prepositional_chains
32148,10.0,-10.0,0.02958557248696452,n_prepositional_chains
675,10.0,-10.0,0.06329286856694147,n_prepositional_chains
1677,10.0,-10.0,0.04693912498826315,n_prepositional_chains
36573,10.0,-10.0,0.0421652753833495,n_prepositional_chains
40963,9.0,-9.0,0.08685401714456202,n_prepositional_chains
36737,9.0,-9.0,0.05429038193838172,n_prepositional_chains
5758,9.0,-9.0,0.07856201766554241,n_prepositional_chains
4996,9.0,-9.0,0.060974813900900246,n_prepositional_chains
22353,9.0,-9.0,0.07454882717301561,n_prepositional_chains
40916,9.0,-9.0,0.056094415505339924,n_prepositional_chains
10866,9.0,-9.0,0.05825648007872895,n_prepositional_chains
13939,9.0,-9.0,0.057846345214662045,n_prepositional_chains
13094,9.0,-9.0,0.06419687982362361,n_prepositional_chains
18913,9.0,-9.0,0.09708660887220666,n_prepositional_chains
40307,9.0,-9.0,0.03359474168717495,n_prepositional_chains
27280,9.0,-9.0,0.0582513514673623,n_prepositional_chains
10348,9.0,-9.0,0.03838652068523961,n_prepositional_chains
23169,9.0,-9.0,0.07556742924829093,n_prepositional_chains
21732,9.0,-9.0,0.05131418978830573,n_prepositional_chains
32433,9.0,-9.0,0.028231808138373383,n_prepositional_chains
33278,9.0,9.0,0.0816525188714234,n_prepositional_chains
6297,9.0,-9.0,0.05672574775662651,n_prepositional_chains
43892,9.0,-9.0,0.06783249709266732,n_prepositional_chains
8906,9.0,-9.0,0.06054195166621902,n_prepositional_chains
33689,9.0,-9.0,0.05337258943970965,n_prepositional_chains
1916,9.0,-9.0,0.05944263580647478,n_prepositional_chains
45325,9.0,-9.0,0.05644084618086505,n_prepositional_chains
36176,9.0,-9.0,0.07748802811403703,n_prepositional_chains
10101,9.0,-9.0,0.05572111340692576,n_prepositional_chains
24459,9.0,-9.0,0.05011993936279675,n_prepositional_chains
2237,9.0,-9.0,0.04938480532030101,n_prepositional_chains
21756,9.0,-9.0,0.03440725984817745,n_prepositional_chains
4155,9.0,-9.0,0.03465526541700942,n_prepositional_chains
11827,9.0,-9.0,0.04903066957827869,n_prepositional_chains
46402,8.0,-8.0,0.05684076426731819,n_prepositional_chains
37601,8.0,-8.0,0.04527051509009625,n_prepositional_chains
13596,8.0,-8.0,0.05690344637793103,n_prepositional_chains
13793,8.0,-8.0,0.0811299150124651,n_prepositional_chains
2168,8.0,8.0,0.052323438663526914,n_prepositional_chains
8496,8.0,8.0,0.09435513255197302,n_prepositional_chains
4140,8.0,-8.0,0.07147699515136251,n_prepositional_chains
21562,8.0,-8.0,0.04817940782958151,n_prepositional_chains
12098,8.0,-8.0,0.04232397923816529,n_prepositional_chains
34147,8.0,-8.0,0.04829380058754745,n_prepositional_chains
49539,8.0,-8.0,0.09738545471942936,n_prepositional_chains
4872,8.0,-8.0,0.0680619564593416,n_prepositional_chains
41196,8.0,-8.0,0.02256086453865503,n_prepositional_chains
13216,8.0,-8.0,0.047559858381572166,n_prepositional_chains
14395,8.0,-8.0,0.058822710847193094,n_prepositional_chains
29695,8.0,-8.0,0.06882917206278756,n_prepositional_chains
5049,8.0,-8.0,0.10043632424741769,n_prepositional_chains
35810,8.0,-8.0,0.04954309816494037,n_prepositional_chains
5024,8.0,-8.0,0.04201727664728937,n_prepositional_chains
31309,8.0,-8.0,0.04541520266817834,n_prepositional_chains
50514,8.0,-8.0,0.03272883903481438,n_prepositional_chains
25540,8.0,-8.0,0.03454328485294589,n_prepositional_chains
16080,8.0,-8.0,0.05492477453559737,n_prepositional_chains
15146,8.0,-8.0,0.06432313875079772,n_prepositional_chains
23923,8.0,8.0,0.058946616609080606,n_prepositional_chains
6472,8.0,8.0,0.08213524757144981,n_prepositional_chains
34591,8.0,-8.0,0.08634118790249184,n_prepositional_chains
600,8.0,-8.0,0.06458100501822403,n_prepositional_chains
23401,8.0,-8.0,0.06870562647158059,n_prepositional_chains
6862,8.0,-8.0,0.05356756709120956,n_prepositional_chains
40804,8.0,8.0,0.06844667382600489,n_prepositional_chains
14789,8.0,-8.0,0.0806982237744285,n_prepositional_chains
13584,8.0,-8.0,0.034366972206873084,n_prepositional_chains
24800,8.0,-8.0,0.061151931360702495,n_prepositional_chains
14536,8.0,-8.0,0.05647666499696441,n_prepositional_chains
28473,8.0,-8.0,0.07495980478799594,n_prepositional_chains
31771,8.0,-8.0,0.04085931632413943,n_prepositional_chains
23220,8.0,-8.0,0.04790196404686543,n_prepositional_chains
13301,8.0,-8.0,0.06024329499680512,n_prepositional_chains
30653,8.0,8.0,0.051093618859359966,n_prepositional_chains
2093,8.0,-8.0,0.0650080553241216,n_prepositional_chains
21805,8.0,-8.0,0.08380793490124121,n_prepositional_chains
10760,8.0,-8.0,0.048449460909541796,n_prepositional_chains
19332,8.0,8.0,0.08143436922574396,n_prepositional_chains
36808,8.0,-8.0,0.04187328422844733,n_prepositional_chains
29132,8.0,-8.0,0.04018200912651571,n_prepositional_chains
34411,7.0,-7.0,0.07062312675972549,n_prepositional_chains
46219,7.0,-7.0,0.0744683653095489,n_prepositional_chains
26624,7.0,7.0,0.059223564290489306,n_prepositional_chains
4314,7.0,-7.0,0.07089215615209758,n_prepositional_chains
3971,7.0,-7.0,0.05242620319089791,n_prepositional_chains
8850,7.0,-7.0,0.07278619898363702,n_prepositional_chains
6802,7.0,-7.0,0.029312858219264236,n_prepositional_chains
42567,7.0,-7.0,0.08379949578500948,n_prepositional_chains
6427,7.0,-7.0,0.05370167152413367,n_prepositional_chains
17124,7.0,-7.0,0.06468426885632642,n_prepositional_chains
43914,7.0,-7.0,0.06810931309166493,n_prepositional_chains
36486,7.0,-7.0,0.0600812477889842,n_prepositional_chains
21284,7.0,-7.0,0.05451253214285047,n_prepositional_chains
19197,7.0,-7.0,0.08228913195057207,n_prepositional_chains
22344,7.0,-7.0,0.05921074968460038,n_prepositional_chains
42398,7.0,-7.0,0.08071938693508802,n_prepositional_chains
19800,7.0,-7.0,0.053533209932806705,n_prepositional_chains
43217,7.0,-7.0,0.04115163177653205,n_prepositional_chains
15736,7.0,-7.0,0.06676272391453357,n_prepositional_chains
51165,7.0,-7.0,0.045592920538732984,n_prepositional_chains
16743,7.0,-7.0,0.07214325570097621,n_prepositional_chains
32301,7.0,-7.0,0.037926224435252176,n_prepositional_chains
11229,7.0,-7.0,0.06823395749858416,n_prepositional_chains
41850,7.0,-7.0,0.08252695220330135,n_prepositional_chains
10735,7.0,-7.0,0.053861788888967796,n_prepositional_chains
29448,7.0,-7.0,0.08287401929743479,n_prepositional_chains
39345,7.0,-7.0,0.07403992614646474,n_prepositional_chains
15360,7.0,-7.0,0.05316774531383467,n_prepositional_chains
9022,7.0,-7.0,0.08792785265404623,n_prepositional_chains
22956,7.0,-7.0,0.034103503497110915,n_prepositional_chains
41343,7.0,-7.0,0.06090917401314805,n_prepositional_chains
40370,7.0,-7.0,0.09181467393827017,n_prepositional_chains
12453,7.0,-7.0,0.057086953041275826,n_prepositional_chains
43608,7.0,-7.0,0.07148135672044967,n_prepositional_chains
46473,7.0,-7.0,0.08802289151928323,n_prepositional_chains
14695,7.0,-7.0,0.06948008238815301,n_prepositional_chains
37372,7.0,-7.0,0.05174001743590741,n_prepositional_chains
20753,7.0,-7.0,0.03738512272883297,n_prepositional_chains
31978,7.0,-7.0,0.07154673655720996,n_prepositional_chains
40398,7.0,-7.0,0.0595981448656301,n_prepositional_chains
4664,7.0,-7.0,0.09794649204509209,n_prepositional_chains
46135,7.0,-7.0,0.03822693263423962,n_prepositional_chains
26304,7.0,-7.0,0.055356103178538715,n_prepositional_chains
37505,7.0,-7.0,0.055367898981253424,n_prepositional_chains
29763,7.0,-7.0,0.05867593019814517,n_prepositional_chains
45309,7.0,-7.0,0.041465674048741255,n_prepositional_chains
5761,7.0,-7.0,0.05747903938117517,n_prepositional_chains
2759,7.0,-7.0,0.06335027202856267,n_prepositional_chains
2588,7.0,-7.0,0.05694085553813433,n_prepositional_chains
3180,7.0,-7.0,0.021069371717002176,n_prepositional_chains
13617,7.0,-7.0,0.04867408254588082,n_prepositional_chains
7119,7.0,-7.0,0.10087298476344479,n_prepositional_chains
44596,7.0,7.0,0.053233562114769296,n_prepositional_chains
18483,7.0,-7.0,0.05851451720392296,n_prepositional_chains
15578,7.0,-7.0,0.0768271003664823,n_prepositional_chains
10974,7.0,-7.0,0.05128670735728369,n_prepositional_chains
35162,7.0,-7.0,0.05801002234831496,n_prepositional_chains
5363,7.0,-7.0,0.03410381098388852,n_prepositional_chains
5971,7.0,-7.0,0.06428098023414659,n_prepositional_chains
19888,7.0,-7.0,0.05433122444506629,n_prepositional_chains
5929,7.0,-7.0,0.07818321867512638,n_prepositional_chains
7277,7.0,-7.0,0.057051579090242256,n_prepositional_chains
43040,7.0,-7.0,0.05235253787400137,n_prepositional_chains
11062,7.0,-7.0,0.0370331624140545,n_prepositional_chains
5557,7.0,-7.0,0.045121682989834155,n_prepositional_chains
7324,7.0,-7.0,0.0234814264479948,n_prepositional_chains
40668,7.0,-7.0,0.05027348051610031,n_prepositional_chains
22525,7.0,-7.0,0.02989045860629754,n_prepositional_chains
6217,7.0,-7.0,0.06633949861492322,n_prepositional_chains
4739,7.0,-7.0,0.06340114534747174,n_prepositional_chains
32039,7.0,-7.0,0.03248352131191575,n_prepositional_chains
29265,7.0,-7.0,0.06229033307944507,n_prepositional_chains
6688,7.0,7.0,0.06684000775362546,n_prepositional_chains
13270,7.0,-7.0,0.04431183350915834,n_prepositional_chains
45812,7.0,-7.0,0.06615067967009691,n_prepositional_chains
36495,7.0,-7.0,0.07337529297714569,n_prepositional_chains
17773,7.0,-7.0,0.05661389255030249,n_prepositional_chains
21050,7.0,-7.0,0.0693181286027312,n_prepositional_chains
41234,7.0,-7.0,0.060090038033373025,n_prepositional_chains
18523,7.0,-7.0,0.07426127293409392,n_prepositional_chains
25097,7.0,-7.0,0.038883126235514466,n_prepositional_chains
26896,7.0,-7.0,0.04770963139971494,n_prepositional_chains
10671,7.0,-7.0,0.07414748169929815,n_prepositional_chains
32209,7.0,-7.0,0.05039749008806353,n_prepositional_chains
4375,7.0,-7.0,0.07556666305009382,n_prepositional_chains
4965,7.0,-7.0,0.09179678066344762,n_prepositional_chains
43653,7.0,-7.0,0.06351994996899565,n_prepositional_chains
21174,6.0,-6.0,0.08158645350286207,n_prepositional_chains
9619,6.0,-6.0,0.04900165350174486,n_prepositional_chains
25603,6.0,-6.0,0.04070088284927315,n_prepositional_chains
18797,6.0,-6.0,0.06036197806939462,n_prepositional_chains
31876,6.0,6.0,0.06091058124120474,n_prepositional_chains
44122,6.0,6.0,0.04331673719469089,n_prepositional_chains
29805,6.0,-6.0,0.0843517437690561,n_prepositional_chains
1778,6.0,-6.0,0.03922726636141157,n_prepositional_chains
30850,6.0,-6.0,0.06024385041781599,n_prepositional_chains
42873,6.0,-6.0,0.05784302628068081,n_prepositional_chains
19415,6.0,-6.0,0.06223770352042683,n_prepositional_chains
4958,6.0,-6.0,0.08588363608045663,n_prepositional_chains
6195,6.0,-6.0,0.05161132690266564,n_prepositional_chains
9845,6.0,-6.0,0.054777993069386854,n_prepositional_chains
10378,6.0,6.0,0.05544014983880572,n_prepositional_chains
47039,6.0,-6.0,0.06762182634660031,n_prepositional_chains
23895,6.0,-6.0,0.06566891214693511,n_prepositional_chains
31657,6.0,-6.0,0.07526051400464506,n_prepositional_chains
41305,6.0,-6.0,0.07526111576887334,n_prepositional_chains
46437,6.0,-6.0,0.0748032355744533,n_prepositional_chains
33673,6.0,-6.0,0.03999420600818478,n_prepositional_chains
20256,6.0,-6.0,0.07060406198188005,n_prepositional_chains
7415,6.0,-6.0,0.05877891961192152,n_prepositional_chains
44324,6.0,-6.0,0.06905197149382152,n_prepositional_chains
12316,6.0,-6.0,0.047577251143261105,n_prepositional_chains
13017,6.0,6.0,0.051711677614562315,n_prepositional_chains
20787,6.0,-6.0,0.058985749138321886,n_prepositional_chains
4036,6.0,-6.0,0.02811551541941104,n_prepositional_chains
33877,6.0,-6.0,0.029264188073709584,n_prepositional_chains
28123,6.0,-6.0,0.07390216577413142,n_prepositional_chains
47474,6.0,6.0,0.06547861911611462,n_prepositional_chains
24147,6.0,-6.0,0.03372313942587386,n_prepositional_chains
4729,6.0,6.0,0.05310352603299804,n_prepositional_chains
19285,6.0,-6.0,0.04611329001699147,n_prepositional_chains
13286,6.0,-6.0,0.09826983503926731,n_prepositional_chains
23247,6.0,-6.0,0.07953042234157141,n_prepositional_chains
26174,6.0,-6.0,0.06914132927511969,n_prepositional_chains
31517,6.0,-6.0,0.06727664561007643,n_prepositional_chains
1104,6.0,-6.0,0.07861306279043427,n_prepositional_chains
29627,6.0,-6.0,0.05564047487737946,n_prepositional_chains
34813,6.0,-6.0,0.05135322849784836,n_prepositional_chains
9752,6.0,-6.0,0.11713404125941514,n_prepositional_chains
6626,6.0,6.0,0.06941790030641672,n_prepositional_chains
38106,6.0,-6.0,0.05429768341866499,n_prepositional_chains
30335,6.0,6.0,0.04689155554560549,n_prepositional_chains
296,6.0,-6.0,0.05870409726677792,n_prepositional_chains
14299,6.0,-6.0,0.0644691000791138,n_prepositional_chains
8380,6.0,-6.0,0.07435909278149463,n_prepositional_chains
11425,6.0,-6.0,0.08615061102306794,n_prepositional_chains
20878,6.0,6.0,0.04715374990758851,n_prepositional_chains
39277,6.0,-6.0,0.05833347275993116,n_prepositional_chains
23144,6.0,-6.0,0.04346776088835917,n_prepositional_chains
17390,6.0,-6.0,0.07932048872264441,n_prepositional_chains
9265,6.0,-6.0,0.051975857665974234,n_prepositional_chains
45716,6.0,-6.0,0.07499839862832672,n_prepositional_chains
3239,6.0,-6.0,0.03671701417243166,n_prepositional_chains
28767,6.0,6.0,0.07238636009093591,n_prepositional_chains
47332,6.0,-6.0,0.070539073848052,n_prepositional_chains
31023,6.0,-6.0,0.05874186092127433,n_prepositional_chains
3796,6.0,-6.0,0.05088647206427799,n_prepositional_chains
24579,6.0,-6.0,0.045742976633385266,n_prepositional_chains
6440,6.0,-6.0,0.06168925943319299,n_prepositional_chains
34377,6.0,-6.0,0.05767313103288314,n_prepositional_chains
25345,6.0,-6.0,0.06673815245839441,n_prepositional_chains
16077,6.0,-6.0,0.08512102396329575,n_prepositional_chains
5859,6.0,-6.0,0.07093626082689038,n_prepositional_chains
11868,6.0,-6.0,0.05308401390078663,n_prepositional_chains
35251,6.0,-6.0,0.06404395927273476,n_prepositional_chains
25786,6.0,-6.0,0.08454001270265425,n_prepositional_chains
17684,6.0,-6.0,0.08586679410723434,n_prepositional_chains
8575,6.0,-6.0,0.0627378871414522,n_prepositional_chains
25474,6.0,-6.0,0.0720162287297412,n_prepositional_chains
6032,6.0,-6.0,0.043614999907305406,n_prepositional_chains
31198,6.0,6.0,0.08898513655916415,n_prepositional_chains
6337,6.0,-6.0,0.032091021289622094,n_prepositional_chains
4632,6.0,-6.0,0.05257822613071363,n_prepositional_chains
19993,6.0,6.0,0.06948370661003653,n_prepositional_chains
47151,6.0,-6.0,0.07422875631715604,n_prepositional_chains
48217,6.0,-6.0,0.05744132093123283,n_prepositional_chains
33506,6.0,-6.0,0.04822666174699634,n_prepositional_chains
33902,6.0,-6.0,0.03190268255994179,n_prepositional_chains
18379,6.0,-6.0,0.06340686039212992,n_prepositional_chains
14168,6.0,-6.0,0.042656363026986666,n_prepositional_chains
7008,6.0,-6.0,0.04833047246621794,n_prepositional_chains
14394,6.0,-6.0,0.07564764100861415,n_prepositional_chains
13883,6.0,-6.0,0.05312120605566397,n_prepositional_chains
47310,6.0,-6.0,0.07372217201968838,n_prepositional_chains
6701,6.0,6.0,0.08947032220666486,n_prepositional_chains
31085,6.0,-6.0,0.06292556082602564,n_prepositional_chains
49221,6.0,-6.0,0.061558731932298515,n_prepositional_chains
13911,6.0,-6.0,0.06309678247689163,n_prepositional_chains
33718,6.0,-6.0,0.061542502585540934,n_prepositional_chains
45943,6.0,-6.0,0.06882728694028542,n_prepositional_chains
28229,6.0,-6.0,0.021538638293798373,n_prepositional_chains
30189,6.0,-6.0,0.07152444929604371,n_prepositional_chains
11518,6.0,-6.0,0.05296635557805912,n_prepositional_chains
43832,6.0,-6.0,0.06350748129669477,n_prepositional_chains
49596,6.0,-6.0,0.05392229375670319,n_prepositional_chains
25498,6.0,-6.0,0.05563054492278576,n_prepositional_chains
17313,5.0,5.0,0.03673678080605906,n_prepositional_chains
11950,5.0,-5.0,0.0928870417790006,n_prepositional_chains
36113,5.0,-5.0,0.053172344720660125,n_prepositional_chains
32938,5.0,5.0,0.031562757318951314,n_prepositional_chains
289,5.0,-5.0,0.060899655259674404,n_prepositional_chains
43177,5.0,-5.0,0.06621879730127958,n_prepositional_chains
1002,5.0,-5.0,0.05372811745976095,n_prepositional_chains
43483,5.0,-5.0,0.06339169498645894,n_prepositional_chains
49933,5.0,-5.0,0.06074296639224497,n_prepositional_chains
6034,5.0,-5.0,0.05955784780309342,n_prepositional_chains
39330,5.0,-5.0,0.038736904567649624,n_prepositional_chains
19412,5.0,-5.0,0.09400364266741994,n_prepositional_chains
30250,5.0,-5.0,0.03598675110069661,n_prepositional_chains
4738,5.0,-5.0,0.07887160269329098,n_prepositional_chains
38159,5.0,5.0,0.023418147241466066,n_prepositional_chains
31436,5.0,-5.0,0.040317210065531905,n_prepositional_chains
31593,5.0,-5.0,0.07111762912920372,n_prepositional_chains
23581,5.0,5.0,0.05774158954650882,n_prepositional_chains
28424,5.0,-5.0,0.07524946343519619,n_prepositional_chains
46118,5.0,-5.0,0.05627988817825785,n_prepositional_chains
42856,5.0,-5.0,0.051556576001676145,n_prepositional_chains
45525,5.0,-5.0,0.07190013859881624,n_prepositional_chains
23708,5.0,5.0,0.06862007171641979,n_prepositional_chains
48322,5.0,-5.0,0.08440167900645226,n_prepositional_chains
13152,5.0,-5.0,0.06941173241801774,n_prepositional_chains
37302,5.0,5.0,0.024423517549372414,n_prepositional_chains
1659,5.0,-5.0,0.0594770611371608,n_prepositional_chains
40945,5.0,-5.0,0.06397890235504904,n_prepositional_chains
38579,5.0,-5.0,0.0639930766353986,n_prepositional_chains
50092,5.0,-5.0,0.058408974511235244,n_prepositional_chains
2389,5.0,-5.0,0.06570991745350296,n_prepositional_chains
7118,5.0,-5.0,0.0507408853605549,n_prepositional_chains
27913,5.0,-5.0,0.04063905293072591,n_prepositional_chains
16466,5.0,-5.0,0.03608437626061244,n_prepositional_chains
28312,5.0,5.0,0.06413712104686799,n_prepositional_chains
24940,5.0,-5.0,0.10916232779780106,n_prepositional_chains
22352,5.0,-5.0,0.05530449728212983,n_prepositional_chains
29230,5.0,-5.0,0.0653679353517718,n_prepositional_chains
22099,5.0,-5.0,0.09969398946942609,n_prepositional_chains
35313,5.0,-5.0,0.07952658372283133,n_prepositional_chains
13734,5.0,-5.0,0.05563051340618854,n_prepositional_chains
37662,5.0,5.0,0.06694873825265325,n_prepositional_chains
44994,5.0,5.0,0.0673762712439144,n_prepositional_chains
5072,5.0,-5.0,0.051094835328873045,n_prepositional_chains
43007,5.0,-5.0,0.03539936511103746,n_prepositional_chains
41440,5.0,-5.0,0.07431086081123672,n_prepositional_chains
40799,5.0,-5.0,0.0794621055172838,n_prepositional_chains
21991,5.0,-5.0,0.0787760938761108,n_prepositional_chains
15569,5.0,-5.0,0.07402974739306954,n_prepositional_chains
40651,5.0,5.0,0.04333831995841743,n_prepositional_chains
31825,5.0,5.0,0.0608396383049596,n_prepositional_chains
10764,5.0,-5.0,0.05918626778024514,n_prepositional_chains
21496,5.0,-5.0,0.04718709234873468,n_prepositional_chains
744,5.0,-5.0,0.05203184715977305,n_prepositional_chains
35502,5.0,-5.0,0.05715601208205782,n_prepositional_chains
15212,5.0,-5.0,0.06622610605819519,n_prepositional_chains
14435,5.0,-5.0,0.05946817714213428,n_prepositional_chains
27357,5.0,-5.0,0.07188712930673527,n_prepositional_chains
36048,5.0,-5.0,0.02921786865599969,n_prepositional_chains
44711,5.0,5.0,0.050800579418371315,n_prepositional_chains
36609,5.0,-5.0,0.05649107649788403,n_prepositional_chains
37649,5.0,-5.0,0.06392939157491588,n_prepositional_chains
40735,5.0,-5.0,0.03897179097036114,n_prepositional_chains
6210,5.0,-5.0,0.0539853475240582,n_prepositional_chains
23423,5.0,-5.0,0.09085488476736155,n_prepositional_chains
41460,5.0,5.0,0.03531959634048627,n_prepositional_chains
40895,5.0,-5.0,0.06956438982700427,n_prepositional_chains
44279,5.0,-5.0,0.09709726158004675,n_prepositional_chains
10606,5.0,-5.0,0.0776159967843207,n_prepositional_chains
6636,5.0,-5.0,0.05428864738698238,n_prepositional_chains
30286,5.0,5.0,0.06872942505098054,n_prepositional_chains
25946,5.0,5.0,0.07629421899712342,n_prepositional_chains
7614,5.0,-5.0,0.051041041796762984,n_prepositional_chains
50495,5.0,-5.0,0.07527233850582864,n_prepositional_chains
9345,5.0,-5.0,0.06942184016153824,n_prepositional_chains
3928,5.0,-5.0,0.046250323921895695,n_prepositional_chains
46308,5.0,5.0,0.04670485434055281,n_prepositional_chains
30359,5.0,5.0,0.030022137659251456,n_prepositional_chains
14820,5.0,-5.0,0.07136030858031413,n_prepositional_chains
32568,5.0,-5.0,0.06882826657108014,n_prepositional_chains
11646,5.0,-5.0,0.06139405691742715,n_prepositional_chains
43338,5.0,-5.0,0.07960981088252983,n_prepositional_chains
5017,5.0,-5.0,0.03817927791216153,n_prepositional_chains
23189,5.0,-5.0,0.05386293455331165,n_prepositional_chains
7814,5.0,5.0,0.06548135347807951,n_prepositional_chains
37358,5.0,5.0,0.09182065213829133,n_prepositional_chains
14427,5.0,-5.0,0.05987469181776848,n_prepositional_chains
18326,5.0,5.0,0.04069552191920161,n_prepositional_chains
26201,5.0,-5.0,0.06619539152231224,n_prepositional_chains
29606,5.0,-5.0,0.05511801196672387,n_prepositional_chains
16187,5.0,-5.0,0.07284786291535335,n_prepositional_chains
47059,5.0,5.0,0.04242728368584693,n_prepositional_chains
42132,5.0,-5.0,0.0730776939025308,n_prepositional_chains
6588,5.0,5.0,0.059907871357238615,n_prepositional_chains
4757,5.0,-5.0,0.03913681823003569,n_prepositional_chains
26897,5.0,-5.0,0.06676036055135874,n_prepositional_chains
39929,5.0,-5.0,0.04633012804413632,n_prepositional_chains
27860,5.0,-5.0,0.04984957159431724,n_prepositional_chains
42614,5.0,-5.0,0.0858114590604106,n_prepositional_chains
37262,5.0,-5.0,0.056711922412868834,n_prepositional_chains
10421,5.0,-5.0,0.025425925421879277,n_prepositional_chains
40981,5.0,-5.0,0.07076065959321251,n_prepositional_chains
43439,5.0,-5.0,0.055312025818564016,n_prepositional_chains
15052,5.0,-5.0,0.07190828163250287,n_prepositional_chains
9738,5.0,5.0,0.06799366628710628,n_prepositional_chains
37040,5.0,-5.0,0.047767656502514425,n_prepositional_chains
7096,5.0,-5.0,0.08826318861369899,n_prepositional_chains
34300,5.0,-5.0,0.07861745888778505,n_prepositional_chains
44648,5.0,-5.0,0.05434164234200458,n_prepositional_chains
4814,5.0,-5.0,0.06083995461263891,n_prepositional_chains
31398,5.0,-5.0,0.03782032645130654,n_prepositional_chains
15008,5.0,-5.0,0.060748689299161086,n_prepositional_chains
24464,5.0,-5.0,0.0709353605236868,n_prepositional_chains
14925,5.0,5.0,0.07526817812200177,n_prepositional_chains
33734,5.0,-5.0,0.04937387594825219,n_prepositional_chains
8671,5.0,-5.0,0.06290914985759208,n_prepositional_chains
12516,5.0,-5.0,0.07204296801899304,n_prepositional_chains
27804,5.0,-5.0,0.04535045750495049,n_prepositional_chains
48930,5.0,-5.0,0.06979924904426718,n_prepositional_chains
25725,5.0,5.0,0.06952298594645204,n_prepositional_chains
26390,5.0,-5.0,0.0704452258006942,n_prepositional_chains
9308,5.0,5.0,0.06394201682272058,n_prepositional_chains
47809,5.0,-5.0,0.05578880017623724,n_prepositional_chains
1836,5.0,-5.0,0.05164132780074225,n_prepositional_chains
12046,5.0,5.0,0.06032634508433682,n_prepositional_chains
43165,5.0,-5.0,0.04192643274811815,n_prepositional_chains
36960,5.0,-5.0,0.04580195123946175,n_prepositional_chains
33173,5.0,5.0,0.05380397943651115,n_prepositional_chains
6260,5.0,5.0,0.04378158772843332,n_prepositional_chains
31910,5.0,5.0,0.06190425327175997,n_prepositional_chains
21098,5.0,-5.0,0.08248455877608526,n_prepositional_chains
12954,5.0,-5.0,0.06345334762441188,n_prepositional_chains
21981,5.0,-5.0,0.08469586497857515,n_prepositional_chains
29066,5.0,-5.0,0.06736280455092918,n_prepositional_chains
13712,5.0,-5.0,0.0480388284767722,n_prepositional_chains
3638,5.0,-5.0,0.05067372748425854,n_prepositional_chains
45339,5.0,-5.0,0.05405234914018907,n_prepositional_chains
41317,5.0,-5.0,0.04506349372483378,n_prepositional_chains
12877,5.0,-5.0,0.06727816906531531,n_prepositional_chains
38260,5.0,-5.0,0.06797851232694077,n_prepositional_chains
10402,5.0,-5.0,0.060423926593679934,n_prepositional_chains
3929,5.0,-5.0,0.04809950803312108,n_prepositional_chains
4903,5.0,-5.0,0.08226133278623433,n_prepositional_chains
41352,5.0,-5.0,0.0458131895439111,n_prepositional_chains
11216,5.0,-5.0,0.05709358724546384,n_prepositional_chains
34031,5.0,-5.0,0.07377693570576582,n_prepositional_chains
18023,5.0,-5.0,0.04262058400219797,n_prepositional_chains
38107,5.0,-5.0,0.06396213272313431,n_prepositional_chains
7720,5.0,5.0,0.06711907314965766,n_prepositional_chains
20320,5.0,-5.0,0.03413756966815779,n_prepositional_chains
37216,5.0,-5.0,0.0723840505048255,n_prepositional_chains
10592,4.0,-4.0,0.0436344462507761,n_prepositional_chains
35221,4.0,-4.0,0.06112285622989759,n_prepositional_chains
27914,4.0,4.0,0.0593907981727585,n_prepositional_chains
21558,4.0,-4.0,0.06424865544141581,n_prepositional_chains
32024,4.0,4.0,0.040522378514499996,n_prepositional_chains
41261,4.0,4.0,0.006593489964535684,n_prepositional_chains
27139,4.0,-4.0,0.05007659059020038,n_prepositional_chains
43506,4.0,-4.0,0.05882584160311814,n_prepositional_chains
16023,4.0,4.0,0.0781088141641697,n_prepositional_chains
23664,4.0,-4.0,0.10103356601456152,n_prepositional_chains
14187,4.0,4.0,0.05915742221034855,n_prepositional_chains
28555,4.0,-4.0,0.07637667896639924,n_prepositional_chains
29015,4.0,-4.0,0.05891299503879455,n_prepositional_chains
34433,4.0,4.0,0.023709399636613768,n_prepositional_chains
33344,4.0,-4.0,0.06315656862855237,n_prepositional_chains
2684,4.0,4.0,0.053464303583611185,n_prepositional_chains
79,4.0,-4.0,0.07882066941890367,n_prepositional_chains
17829,4.0,4.0,0.05197740670616317,n_prepositional_chains
40592,4.0,-4.0,0.05865742092758277,n_prepositional_chains
26062,4.0,-4.0,0.06330048255394308,n_prepositional_chains
9314,4.0,-4.0,0.042718848945246704,n_prepositional_chains
25834,4.0,-4.0,0.048912686454125574,n_prepositional_chains
28244,4.0,-4.0,0.07187412830329204,n_prepositional_chains
39938,4.0,-4.0,0.08011249125709866,n_prepositional_chains
43188,4.0,-4.0,0.054502069300889876,n_prepositional_chains
28077,4.0,-4.0,0.07637395533885671,n_prepositional_chains
20510,4.0,-4.0,0.05978173287839052,n_prepositional_chains
33683,4.0,-4.0,0.04933601792543021,n_prepositional_chains
48040,4.0,-4.0,0.057638611440116505,n_prepositional_chains
2308,4.0,-4.0,0.09973054769355558,n_prepositional_chains
41891,4.0,-4.0,0.046706986551724575,n_prepositional_chains
50770,4.0,4.0,0.05411232512504841,n_prepositional_chains
39758,4.0,-4.0,0.057768199872277035,n_prepositional_chains
26007,4.0,-4.0,0.053311884423879005,n_prepositional_chains
32111,4.0,-4.0,0.07367220765435496,n_prepositional_chains
13166,4.0,-4.0,0.05076617218019924,n_prepositional_chains
12212,4.0,4.0,0.046661843161410296,n_prepositional_chains
23997,4.0,-4.0,0.04412451717869152,n_prepositional_chains
19250,4.0,-4.0,0.046883384266200055,n_prepositional_chains
14884,4.0,-4.0,0.05850454494092812,n_prepositional_chains
14845,4.0,-4.0,0.06154568289063893,n_prepositional_chains
13815,4.0,-4.0,0.08226841285639451,n_prepositional_chains
25861,4.0,-4.0,0.062421703670316776,n_prepositional_chains
23743,4.0,-4.0,0.060240194084055176,n_prepositional_chains
12703,4.0,4.0,0.03960731618417166,n_prepositional_chains
36754,4.0,-4.0,0.06232168475148259,n_prepositional_chains
21204,4.0,-4.0,0.07632661647442444,n_prepositional_chains
50955,4.0,-4.0,0.05265146962092424,n_prepositional_chains
50045,4.0,-4.0,0.031003672939348276,n_prepositional_chains
7708,4.0,4.0,0.05647698186128094,n_prepositional_chains
8427,4.0,-4.0,0.048099258892598126,n_prepositional_chains
16490,4.0,-4.0,0.061948283870923306,n_prepositional_chains
14758,4.0,4.0,0.04396167951655632,n_prepositional_chains
16315,4.0,-4.0,0.06372633825892496,n_prepositional_chains
40790,4.0,-4.0,0.04310368138571284,n_prepositional_chains
40238,4.0,4.0,0.0395962541865207,n_prepositional_chains
17473,4.0,-4.0,0.05395505135314431,n_prepositional_chains
28843,4.0,-4.0,0.08389956443467886,n_prepositional_chains
43393,4.0,-4.0,0.0813421946372834,n_prepositional_chains
1950,4.0,-4.0,0.07638993563531205,n_prepositional_chains
21809,4.0,4.0,0.06162829331707963,n_prepositional_chains
31244,4.0,-4.0,0.06666752225527514,n_prepositional_chains
23496,4.0,-4.0,0.04407323985814195,n_prepositional_chains
23874,4.0,4.0,0.06377438915176667,n_prepositional_chains
15941,4.0,-4.0,0.08175487557821014,n_prepositional_chains
5397,4.0,-4.0,0.05836185802708025,n_prepositional_chains
42502,4.0,-4.0,0.02928448260974224,n_prepositional_chains
36581,4.0,-4.0,0.06717877889832208,n_prepositional_chains
24621,4.0,-4.0,0.035596833321833686,n_prepositional_chains
15747,4.0,-4.0,0.040216948664250005,n_prepositional_chains
11710,4.0,-4.0,0.08535778524410634,n_prepositional_chains
21951,4.0,-4.0,0.07871300532009774,n_prepositional_chains
29615,4.0,-4.0,0.053881612646355756,n_prepositional_chains
40808,4.0,4.0,0.07348254555053561,n_prepositional_chains
17774,4.0,4.0,0.07928609815898104,n_prepositional_chains
36715,4.0,4.0,0.07135744520312633,n_prepositional_chains
20988,4.0,-4.0,0.033112719259478215,n_prepositional_chains
9276,4.0,-4.0,0.0690931681556846,n_prepositional_chains
2059,4.0,-4.0,0.06950325550424528,n_prepositional_chains
48816,4.0,-4.0,0.07687830999511987,n_prepositional_chains
33307,4.0,4.0,0.0715233555231913,n_prepositional_chains
10576,4.0,-4.0,0.06687322547328381,n_prepositional_chains
20247,4.0,-4.0,0.037972329833859925,n_prepositional_chains
17358,4.0,-4.0,0.06294731463417416,n_prepositional_chains
47070,4.0,4.0,0.07253891831937856,n_prepositional_chains
4401,4.0,-4.0,0.07215897700988136,n_prepositional_chains
2207,4.0,-4.0,0.04674847639905726,n_prepositional_chains
17147,4.0,-4.0,0.08135520608477198,n_prepositional_chains
33128,4.0,4.0,0.04068276275706476,n_prepositional_chains
38925,4.0,-4.0,0.04583848509731563,n_prepositional_chains
26255,4.0,-4.0,0.05775959907569482,n_prepositional_chains
11712,4.0,4.0,0.068126274557673,n_prepositional_chains
48661,4.0,-4.0,0.08011752277152463,n_prepositional_chains
32926,4.0,-4.0,0.06935746326646368,n_prepositional_chains
49322,4.0,-4.0,0.021069398119248284,n_prepositional_chains
34018,4.0,-4.0,0.06924022399210075,n_prepositional_chains
38762,4.0,-4.0,0.03667108617123922,n_prepositional_chains
39874,4.0,-4.0,0.017802833945505036,n_prepositional_chains
28039,4.0,4.0,0.075485661982524,n_prepositional_chains
41295,4.0,-4.0,0.04411926521923078,n_prepositional_chains
39346,4.0,-4.0,0.08587046004887308,n_prepositional_chains
611,4.0,4.0,0.08114185922790276,n_prepositional_chains
11532,4.0,-4.0,0.05933175567484432,n_prepositional_chains
23772,4.0,-4.0,0.03900761207452129,n_prepositional_chains
25557,4.0,-4.0,0.05549056854920838,n_prepositional_chains
18165,4.0,-4.0,0.05740279017915191,n_prepositional_chains
14460,4.0,-4.0,0.04343614161100903,n_prepositional_chains
17118,4.0,-4.0,0.04998473420338587,n_prepositional_chains
39580,4.0,-4.0,0.06602532835244843,n_prepositional_chains
43195,4.0,-4.0,0.07885060946330362,n_prepositional_chains
16691,4.0,-4.0,0.05591657549770903,n_prepositional_chains
25197,4.0,-4.0,0.07798380162385923,n_prepositional_chains
32945,4.0,-4.0,0.03551316995643246,n_prepositional_chains
33461,4.0,-4.0,0.05485128766281929,n_prepositional_chains
25019,4.0,-4.0,0.059273747478784264,n_prepositional_chains
14683,4.0,-4.0,0.06387608798579791,n_prepositional_chains
15016,4.0,-4.0,0.05161000794867778,n_prepositional_chains
11689,4.0,-4.0,0.05675875744497031,n_prepositional_chains
38732,4.0,-4.0,0.0665533029624567,n_prepositional_chains
9152,4.0,-4.0,0.06227685016842701,n_prepositional_chains
17845,4.0,-4.0,0.06820614516637313,n_prepositional_chains
41552,4.0,-4.0,0.0607119051353326,n_prepositional_chains
153,4.0,-4.0,0.06463357416752899,n_prepositional_chains
26331,4.0,4.0,0.05274585261360726,n_prepositional_chains
41453,4.0,-4.0,0.02704168217024457,n_prepositional_chains
49980,4.0,4.0,0.07759494480238033,n_prepositional_chains
39382,4.0,-4.0,0.04699285899519941,n_prepositional_chains
29665,4.0,-4.0,0.05688412192027816,n_prepositional_chains
24981,4.0,4.0,0.049470891179838335,n_prepositional_chains
47358,4.0,4.0,0.06510327108005702,n_prepositional_chains
34096,4.0,-4.0,0.06172440392228919,n_prepositional_chains
26218,4.0,-4.0,0.05023711974628313,n_prepositional_chains
31470,4.0,-4.0,0.0803737558651469,n_prepositional_chains
210,4.0,-4.0,0.037574700508341656,n_prepositional_chains
35738,4.0,-4.0,0.05010659710689426,n_prepositional_chains
5001,4.0,-4.0,0.06420080259621351,n_prepositional_chains
46525,4.0,4.0,0.047153353235428234,n_prepositional_chains
29865,4.0,-4.0,0.07414308519342501,n_prepositional_chains
1221,4.0,-4.0,0.027464787911591577,n_prepositional_chains
18254,4.0,-4.0,0.03136968315313206,n_prepositional_chains
33607,4.0,4.0,0.045745406475695256,n_prepositional_chains
13481,4.0,-4.0,0.05598706211669917,n_prepositional_chains
13537,4.0,-4.0,0.06501989875718821,n_prepositional_chains
27593,4.0,-4.0,0.04852991070133432,n_prepositional_chains
39051,4.0,-4.0,0.07326226866007428,n_prepositional_chains
25175,4.0,-4.0,0.06145543010637251,n_prepositional_chains
48713,4.0,-4.0,0.08092513965699893,n_prepositional_chains
15790,4.0,-4.0,0.09330225002001755,n_prepositional_chains
43941,4.0,-4.0,0.07281466756472119,n_prepositional_chains
25577,4.0,4.0,0.0588701459463117,n_prepositional_chains
12045,4.0,4.0,0.07889909819441976,n_prepositional_chains
19756,4.0,-4.0,0.1065763278975512,n_prepositional_chains
37426,4.0,-4.0,0.04311372959774936,n_prepositional_chains
42124,4.0,-4.0,0.03904970249859603,n_prepositional_chains
17926,4.0,-4.0,0.0958788506765428,n_prepositional_chains
33380,4.0,-4.0,0.05221388713197263,n_prepositional_chains
26375,4.0,4.0,0.021811155695223718,n_prepositional_chains
4315,4.0,4.0,0.03904893075831155,n_prepositional_chains
22292,4.0,-4.0,0.07077975690398834,n_prepositional_chains
7216,4.0,-4.0,0.08898809626195246,n_prepositional_chains
24450,4.0,4.0,0.07351829048447991,n_prepositional_chains
39678,4.0,4.0,0.07780689786261966,n_prepositional_chains
20329,4.0,-4.0,0.06687808540352808,n_prepositional_chains
33647,4.0,4.0,0.052759752268282036,n_prepositional_chains
30593,4.0,-4.0,0.07430621566743328,n_prepositional_chains
6946,4.0,-4.0,0.07310333198943728,n_prepositional_chains
36465,4.0,4.0,0.06194321583666398,n_prepositional_chains
42315,4.0,-4.0,0.03849128322349006,n_prepositional_chains
25609,4.0,-4.0,0.06338802440968519,n_prepositional_chains
20333,4.0,-4.0,0.07510366557460044,n_prepositional_chains
24222,4.0,-4.0,0.05716169355787665,n_prepositional_chains
14576,3.0,3.0,0.0630517217995619,n_prepositional_chains
31084,3.0,3.0,0.07321638456388938,n_prepositional_chains
21948,3.0,-3.0,0.05562330976823453,n_prepositional_chains
17275,3.0,-3.0,0.0668589333564931,n_prepositional_chains
46948,3.0,3.0,0.04207974549578321,n_prepositional_chains
43020,3.0,3.0,0.05770368482517389,n_prepositional_chains
23909,3.0,-3.0,0.10418605018905489,n_prepositional_chains
10793,3.0,3.0,0.061300546159029155,n_prepositional_chains
12353,3.0,-3.0,0.04004507444809543,n_prepositional_chains
40273,3.0,-3.0,0.05817213551282787,n_prepositional_chains
39772,3.0,-3.0,0.07273457521005484,n_prepositional_chains
39827,3.0,-3.0,0.07358167635085014,n_prepositional_chains
15223,3.0,-3.0,0.07436793288932944,n_prepositional_chains
43916,3.0,-3.0,0.08371974487029288,n_prepositional_chains
39643,3.0,-3.0,0.035519775613167125,n_prepositional_chains
49193,3.0,-3.0,0.05340513095946754,n_prepositional_chains
43658,3.0,-3.0,0.0687152563097455,n_prepositional_chains
689,3.0,-3.0,0.06980654139345129,n_prepositional_chains
7935,3.0,-3.0,0.04522600120325134,n_prepositional_chains
28121,3.0,-3.0,0.06313805037761812,n_prepositional_chains
10404,3.0,-3.0,0.046916995884484544,n_prepositional_chains
24567,3.0,-3.0,0.028384018360104585,n_prepositional_chains
24401,3.0,-3.0,0.052923730573303254,n_prepositional_chains
22653,3.0,-3.0,0.047917650442676415,n_prepositional_chains
47784,3.0,-3.0,0.07558029750992674,n_prepositional_chains
31632,3.0,-3.0,0.06424963237228618,n_prepositional_chains
8026,3.0,-3.0,0.014901509431938917,n_prepositional_chains
7203,3.0,-3.0,0.0765924482332214,n_prepositional_chains
29516,3.0,-3.0,0.06900394047688503,n_prepositional_chains
16203,3.0,-3.0,0.08802800677297969,n_prepositional_chains
13181,3.0,-3.0,0.072136727966124,n_prepositional_chains
8770,3.0,-3.0,0.06665086474397332,n_prepositional_chains
5780,3.0,-3.0,0.042757745595489505,n_prepositional_chains
2124,3.0,-3.0,0.07688458190391498,n_prepositional_chains
42184,3.0,3.0,0.11166811078139535,n_prepositional_chains
23724,3.0,-3.0,0.06901200933987613,n_prepositional_chains
17049,3.0,-3.0,0.06207569739197958,n_prepositional_chains
36753,3.0,3.0,0.04847032706786632,n_prepositional_chains
12711,3.0,-3.0,0.036284052153764464,n_prepositional_chains
51050,3.0,-3.0,0.059293653707571024,n_prepositional_chains
42382,3.0,-3.0,0.08428692869820155,n_prepositional_chains
17720,3.0,-3.0,0.06147791140093448,n_prepositional_chains
23999,3.0,-3.0,0.05851979616870003,n_prepositional_chains
38635,3.0,3.0,0.055987587750623215,n_prepositional_chains
48320,3.0,-3.0,0.05625428912749331,n_prepositional_chains
17514,3.0,-3.0,0.07948093998109998,n_prepositional_chains
24723,3.0,3.0,0.0906629323126193,n_prepositional_chains
40264,3.0,3.0,0.06809231140143733,n_prepositional_chains
27018,3.0,-3.0,0.07455773817853109,n_prepositional_chains
20310,3.0,3.0,0.06947928906270238,n_prepositional_chains
42992,3.0,-3.0,0.07030883021139375,n_prepositional_chains
24656,3.0,-3.0,0.06511335952352824,n_prepositional_chains
20386,3.0,-3.0,0.04342035177137295,n_prepositional_chains
17146,3.0,-3.0,0.05407110697849241,n_prepositional_chains
24695,3.0,-3.0,0.06776181936788948,n_prepositional_chains
10799,3.0,-3.0,0.07449619488111275,n_prepositional_chains
41696,3.0,-3.0,0.05820121768128879,n_prepositional_chains
40017,3.0,-3.0,0.061547000751223394,n_prepositional_chains
38835,3.0,3.0,0.03688788668110808,n_prepositional_chains
28958,3.0,-3.0,0.06248725086244002,n_prepositional_chains
2160,3.0,3.0,0.05371191530115808,n_prepositional_chains
7310,3.0,3.0,0.05257047628417486,n_prepositional_chains
33056,3.0,-3.0,0.052783684690071594,n_prepositional_chains
37751,3.0,-3.0,0.05795763609412478,n_prepositional_chains
3613,3.0,3.0,0.06692431489689825,n_prepositional_chains
10920,3.0,-3.0,0.062133850481135865,n_prepositional_chains
21963,3.0,3.0,0.05361637318555819,n_prepositional_chains
31884,3.0,-3.0,0.046584838262274664,n_prepositional_chains
5138,3.0,-3.0,0.049011505978367106,n_prepositional_chains
4063,3.0,3.0,0.044741922123464006,n_prepositional_chains
17732,3.0,-3.0,0.058262609678031166,n_prepositional_chains
43428,3.0,-3.0,0.13051676302482146,n_prepositional_chains
22356,3.0,-3.0,0.06459745133073541,n_prepositional_chains
10946,3.0,3.0,0.05508742561211445,n_prepositional_chains
6348,3.0,-3.0,0.07026273022416152,n_prepositional_chains
14519,3.0,3.0,0.041028561867489675,n_prepositional_chains
11299,3.0,-3.0,0.052983400099140675,n_prepositional_chains
673,3.0,-3.0,0.08884764279800648,n_prepositional_chains
46482,3.0,3.0,0.07529482308123932,n_prepositional_chains
21293,3.0,-3.0,0.04846500801176529,n_prepositional_chains
11557,3.0,-3.0,0.028939248591967264,n_prepositional_chains
21062,3.0,-3.0,0.0666757898836882,n_prepositional_chains
29359,3.0,-3.0,0.05526769101236243,n_prepositional_chains
49382,3.0,-3.0,0.06718233529429601,n_prepositional_chains
7548,3.0,-3.0,0.05454874330501795,n_prepositional_chains
38309,3.0,-3.0,0.05113370801410161,n_prepositional_chains
12716,3.0,3.0,0.07798191261533896,n_prepositional_chains
39437,3.0,3.0,0.06107891168730943,n_prepositional_chains
14902,3.0,-3.0,0.06420589999042259,n_prepositional_chains
7627,3.0,-3.0,0.05279406761058786,n_prepositional_chains
24606,3.0,-3.0,0.06793462606688527,n_prepositional_chains
29202,3.0,-3.0,0.024770447807393493,n_prepositional_chains
4459,3.0,3.0,0.04921661893293088,n_prepositional_chains
34376,3.0,-3.0,0.06968239202612188,n_prepositional_chains
46317,3.0,-3.0,0.03668412164913311,n_prepositional_chains
27351,3.0,-3.0,0.05521184121460108,n_prepositional_chains
28369,3.0,3.0,0.05368697574857502,n_prepositional_chains
5903,3.0,-3.0,0.03366526619523255,n_prepositional_chains
48700,3.0,3.0,0.0905435433437668,n_prepositional_chains
25191,3.0,-3.0,0.06411941726422084,n_prepositional_chains
4926,3.0,3.0,0.0664527119526659,n_prepositional_chains
11420,3.0,-3.0,0.06598758646026329,n_prepositional_chains
49307,3.0,-3.0,0.0891729781886111,n_prepositional_chains
37118,3.0,-3.0,0.09675557538541527,n_prepositional_chains
28658,3.0,-3.0,0.03758932383241949,n_prepositional_chains
4448,3.0,-3.0,0.061330369789371134,n_prepositional_chains
14180,3.0,-3.0,0.054899084694793064,n_prepositional_chains
16130,3.0,3.0,0.05879352571909666,n_prepositional_chains
12376,3.0,-3.0,0.054935158299639616,n_prepositional_chains
48441,3.0,3.0,0.051121273116281105,n_prepositional_chains
21612,3.0,-3.0,0.03086940191915668,n_prepositional_chains
24763,3.0,3.0,0.04359349567912703,n_prepositional_chains
29760,3.0,3.0,0.06194188016834771,n_prepositional_chains
32274,3.0,-3.0,0.07892292756640297,n_prepositional_chains
45821,3.0,3.0,0.06659133891663635,n_prepositional_chains
11641,3.0,3.0,0.04337164096687155,n_prepositional_chains
26817,3.0,-3.0,0.06497189031988462,n_prepositional_chains
14374,3.0,-3.0,0.04985404360223664,n_prepositional_chains
49327,3.0,3.0,0.04958901314099048,n_prepositional_chains
19737,3.0,-3.0,0.051095328852194866,n_prepositional_chains
23965,3.0,3.0,0.058670957445653184,n_prepositional_chains
12330,3.0,-3.0,0.02692095955889908,n_prepositional_chains
3377,3.0,3.0,0.029464267885010588,n_prepositional_chains
28538,3.0,3.0,0.04511720518146066,n_prepositional_chains
6556,3.0,3.0,0.036210160830449284,n_prepositional_chains
1839,3.0,-3.0,0.060716003842094836,n_prepositional_chains
5486,3.0,-3.0,0.0587443657631169,n_prepositional_chains
47316,3.0,3.0,0.07535440738178334,n_prepositional_chains
17733,3.0,3.0,0.03756929684155734,n_prepositional_chains
28515,3.0,-3.0,0.05768813385587954,n_prepositional_chains
9974,3.0,3.0,0.0641058991695864,n_prepositional_chains
44680,3.0,-3.0,0.07161340865275646,n_prepositional_chains
27009,3.0,-3.0,0.04322189180740642,n_prepositional_chains
4337,3.0,-3.0,0.06801362444314557,n_prepositional_chains
22814,3.0,-3.0,0.07959981056446316,n_prepositional_chains
1383,3.0,3.0,0.03324222862379084,n_prepositional_chains
18914,3.0,3.0,0.0645605038691591,n_prepositional_chains
41246,3.0,3.0,0.05487424105550408,n_prepositional_chains
4836,3.0,-3.0,0.05822316811139523,n_prepositional_chains
31335,3.0,-3.0,0.0463298268564563,n_prepositional_chains
14907,3.0,-3.0,0.08096050089466911,n_prepositional_chains
32610,3.0,-3.0,0.05557910901291378,n_prepositional_chains
23130,3.0,3.0,0.04506490492494256,n_prepositional_chains
13498,3.0,-3.0,0.05324382575880554,n_prepositional_chains
24064,3.0,3.0,0.05530428612111021,n_prepositional_chains
18734,3.0,3.0,0.07303870834771695,n_prepositional_chains
43524,3.0,3.0,0.05292853691263568,n_prepositional_chains
44632,3.0,3.0,0.04957522283481795,n_prepositional_chains
31318,3.0,3.0,0.07195734939332418,n_prepositional_chains
25820,3.0,-3.0,0.041361506711745225,n_prepositional_chains
32936,3.0,-3.0,0.044174488846701956,n_prepositional_chains
38147,3.0,-3.0,0.06847454825472735,n_prepositional_chains
42023,3.0,-3.0,0.05188649685459913,n_prepositional_chains
20710,3.0,3.0,0.05967343460909691,n_prepositional_chains
41307,3.0,-3.0,0.064554707017119,n_prepositional_chains
29594,3.0,-3.0,0.05803022768462988,n_prepositional_chains
8734,3.0,-3.0,0.042827592638208234,n_prepositional_chains
38093,3.0,3.0,0.04683468180093187,n_prepositional_chains
29286,3.0,-3.0,0.0811419224201525,n_prepositional_chains
47613,3.0,3.0,0.07336363918452492,n_prepositional_chains
35208,3.0,-3.0,0.051558325700407456,n_prepositional_chains
42009,3.0,3.0,0.03993404152194974,n_prepositional_chains
8719,3.0,-3.0,0.07654009865330524,n_prepositional_chains
38264,3.0,-3.0,0.047838108295699414,n_prepositional_chains
25934,3.0,3.0,0.07850733167294348,n_prepositional_chains
13555,3.0,-3.0,0.06974503495919776,n_prepositional_chains
9337,3.0,-3.0,0.05467599810644672,n_prepositional_chains
6882,3.0,-3.0,0.054425422128591305,n_prepositional_chains
9583,3.0,-3.0,0.05783998122427762,n_prepositional_chains
23953,3.0,-3.0,0.04906745596179822,n_prepositional_chains
1506,3.0,-3.0,0.06277798056520957,n_prepositional_chains
43983,3.0,-3.0,0.051396440314360414,n_prepositional_chains
30197,3.0,3.0,0.06235071328986515,n_prepositional_chains
26652,3.0,-3.0,0.10046137998912105,n_prepositional_chains
51029,3.0,3.0,0.07049417011753167,n_prepositional_chains
1619,3.0,-3.0,0.0716597909635498,n_prepositional_chains
30791,3.0,3.0,0.07715597727344042,n_prepositional_chains
49450,3.0,3.0,0.0457523908939743,n_prepositional_chains
2706,3.0,-3.0,0.037895056523530916,n_prepositional_chains
32430,3.0,-3.0,0.06752436601980161,n_prepositional_chains
38363,3.0,-3.0,0.012666000354831206,n_prepositional_chains
39605,3.0,-3.0,0.04373232502811417,n_prepositional_chains
25595,3.0,-3.0,0.040234810821281726,n_prepositional_chains
26860,3.0,-3.0,0.015475719656613245,n_prepositional_chains
43589,3.0,-3.0,0.06212170861222436,n_prepositional_chains
19512,3.0,3.0,0.07485864999147271,n_prepositional_chains
15176,3.0,-3.0,0.037343553861978934,n_prepositional_chains
43583,3.0,-3.0,0.042910607911193346,n_prepositional_chains
28964,3.0,-3.0,0.07725330330422311,n_prepositional_chains
7241,3.0,3.0,0.02940224816741801,n_prepositional_chains
11665,3.0,3.0,0.023222704023750797,n_prepositional_chains
1774,3.0,3.0,0.0784305464533031,n_prepositional_chains
17989,3.0,3.0,0.05485937339703375,n_prepositional_chains
51260,3.0,-3.0,0.03816039086629026,n_prepositional_chains
47769,3.0,-3.0,0.0515128457206138,n_prepositional_chains
25177,3.0,-3.0,0.0316687026028087,n_prepositional_chains
10219,3.0,-3.0,0.05891126901731965,n_prepositional_chains
165,3.0,-3.0,0.09483108277181539,n_prepositional_chains
39552,3.0,-3.0,0.05901349875279734,n_prepositional_chains
4869,3.0,-3.0,0.09163541459628743,n_prepositional_chains
6344,3.0,-3.0,0.0636424983051731,n_prepositional_chains
12274,3.0,-3.0,0.05872103015847643,n_prepositional_chains
25147,3.0,-3.0,0.0661622898668833,n_prepositional_chains
28577,3.0,-3.0,0.07907530666328524,n_prepositional_chains
26628,3.0,-3.0,0.06250523979640939,n_prepositional_chains
27287,3.0,-3.0,0.04881683233800621,n_prepositional_chains
20830,3.0,-3.0,0.0626071026664153,n_prepositional_chains
35486,3.0,-3.0,0.08278619463016952,n_prepositional_chains
41929,3.0,-3.0,0.07338633542592989,n_prepositional_chains
27554,3.0,-3.0,0.05299151461091837,n_prepositional_chains
37948,3.0,3.0,0.04291693522054911,n_prepositional_chains
40742,3.0,-3.0,0.05943457572196169,n_prepositional_chains
40780,3.0,-3.0,0.05564094294786768,n_prepositional_chains
42378,3.0,-3.0,0.07313811667367234,n_prepositional_chains
22484,3.0,-3.0,0.07969206871536018,n_prepositional_chains
23820,3.0,-3.0,0.08734262264526996,n_prepositional_chains
50234,3.0,3.0,0.03563308281865246,n_prepositional_chains
16534,3.0,-3.0,0.051825129423035854,n_prepositional_chains
3558,3.0,3.0,0.06261403155809075,n_prepositional_chains
14477,3.0,-3.0,0.07857385319044154,n_prepositional_chains
36442,3.0,-3.0,0.05876272575675432,n_prepositional_chains
11715,3.0,3.0,0.04034447098012424,n_prepositional_chains
2362,3.0,-3.0,0.050410255363923615,n_prepositional_chains
43000,3.0,-3.0,0.04282062060422574,n_prepositional_chains
6198,3.0,-3.0,0.06347494015345814,n_prepositional_chains
47054,3.0,-3.0,0.057798234277362026,n_prepositional_chains
10004,3.0,3.0,0.0363859776885075,n_prepositional_chains
50667,3.0,-3.0,0.06842874762065156,n_prepositional_chains
24021,3.0,-3.0,0.03712732259569329,n_prepositional_chains
31350,3.0,-3.0,0.09143812255390592,n_prepositional_chains
12515,3.0,-3.0,0.04370810271343027,n_prepositional_chains
37121,3.0,3.0,0.03677920898749441,n_prepositional_chains
17919,3.0,-3.0,0.057538987793375705,n_prepositional_chains
6520,3.0,-3.0,0.07611070380907682,n_prepositional_chains
39316,3.0,-3.0,0.04567822615609047,n_prepositional_chains
211,3.0,-3.0,0.06845889833217643,n_prepositional_chains
8035,3.0,-3.0,0.06618581947741586,n_prepositional_chains
4088,3.0,-3.0,0.030026143081888466,n_prepositional_chains
33762,3.0,-3.0,0.06154518129987698,n_prepositional_chains
39027,3.0,-3.0,0.049648829797746805,n_prepositional_chains
5353,3.0,3.0,0.0465507995480369,n_prepositional_chains
26236,3.0,-3.0,0.0672243517677443,n_prepositional_chains
25124,3.0,3.0,0.0400456731049866,n_prepositional_chains
43174,3.0,-3.0,0.05971834621953457,n_prepositional_chains
9586,3.0,-3.0,0.047463927365124794,n_prepositional_chains
41650,3.0,-3.0,0.044288036462127,n_prepositional_chains
28790,3.0,3.0,0.054763867696075684,n_prepositional_chains
33773,3.0,-3.0,0.03445958142613019,n_prepositional_chains
37902,3.0,-3.0,0.07615270755265716,n_prepositional_chains
51761,3.0,3.0,0.055572903595537806,n_prepositional_chains
18342,3.0,-3.0,0.05899051831238894,n_prepositional_chains
14875,2.0,2.0,0.048999872106536696,n_prepositional_chains
30125,2.0,-2.0,0.0686501331810036,n_prepositional_chains
32896,2.0,-2.0,0.06147237070872878,n_prepositional_chains
14375,2.0,2.0,0.023165988219920823,n_prepositional_chains
16078,2.0,-2.0,0.0668895271286329,n_prepositional_chains
44787,2.0,-2.0,0.031170240234159548,n_prepositional_chains
5095,2.0,2.0,0.09229618245871675,n_prepositional_chains
17405,2.0,2.0,0.04493430651510543,n_prepositional_chains
7631,2.0,-2.0,0.04825415197697737,n_prepositional_chains
10149,2.0,2.0,0.0561359382188657,n_prepositional_chains
40975,2.0,2.0,0.0502259172554142,n_prepositional_chains
39828,2.0,-2.0,0.05761065527835203,n_prepositional_chains
9239,2.0,2.0,0.04971512261421568,n_prepositional_chains
17223,2.0,-2.0,0.052445876675788705,n_prepositional_chains
34345,2.0,2.0,0.06552205325274563,n_prepositional_chains
34879,2.0,2.0,0.07898187325254623,n_prepositional_chains
4884,2.0,-2.0,0.04578093764097553,n_prepositional_chains
11898,2.0,2.0,0.05030916198253125,n_prepositional_chains
33124,2.0,-2.0,0.09324990234875308,n_prepositional_chains
23272,2.0,-2.0,0.05253534008325204,n_prepositional_chains
10142,2.0,2.0,0.029053114337188775,n_prepositional_chains
37213,2.0,2.0,0.0734624192967679,n_prepositional_chains
30729,2.0,2.0,0.025309165629578762,n_prepositional_chains
8583,2.0,2.0,0.06703391575920117,n_prepositional_chains
1850,2.0,2.0,0.05584178469430186,n_prepositional_chains
17129,2.0,2.0,0.059267009955724884,n_prepositional_chains
49603,2.0,-2.0,0.058572171204853626,n_prepositional_chains
15026,2.0,-2.0,0.10018699589641777,n_prepositional_chains
23288,2.0,-2.0,0.07194240365787034,n_prepositional_chains
20230,2.0,-2.0,0.07687010083927823,n_prepositional_chains
35028,2.0,-2.0,0.06119536901938931,n_prepositional_chains
45313,2.0,-2.0,0.05643616240982437,n_prepositional_chains
46332,2.0,2.0,0.05150212930470917,n_prepositional_chains
23610,2.0,2.0,0.07082054635548926,n_prepositional_chains
1615,2.0,-2.0,0.04015037248165712,n_prepositional_chains
4971,2.0,-2.0,0.07040231603143984,n_prepositional_chains
8935,2.0,2.0,0.0395761700032055,n_prepositional_chains
11929,2.0,-2.0,0.056259279014877296,n_prepositional_chains
33165,2.0,-2.0,0.0682199242506918,n_prepositional_chains
5423,2.0,2.0,0.0465087026860104,n_prepositional_chains
27759,2.0,-2.0,0.06099867546251573,n_prepositional_chains
23037,2.0,2.0,0.06398890388609858,n_prepositional_chains
3965,2.0,-2.0,0.04009066747622871,n_prepositional_chains
26838,2.0,2.0,0.06713688844838366,n_prepositional_chains
8574,2.0,-2.0,0.07385552860667578,n_prepositional_chains
39817,2.0,-2.0,0.04459268763318176,n_prepositional_chains
4993,2.0,2.0,0.04698413048961209,n_prepositional_chains
50784,2.0,2.0,0.05111863597456299,n_prepositional_chains
44282,2.0,2.0,0.050800724958170285,n_prepositional_chains
51209,2.0,-2.0,0.07911469724542614,n_prepositional_chains
38668,2.0,-2.0,0.039898625063861895,n_prepositional_chains
10794,2.0,-2.0,0.050080408015962405,n_prepositional_chains
2927,2.0,2.0,0.045704039702373564,n_prepositional_chains
28137,2.0,2.0,0.04438090501276827,n_prepositional_chains
3508,2.0,2.0,0.041051459737379226,n_prepositional_chains
25888,2.0,2.0,0.07204786492938481,n_prepositional_chains
12129,2.0,2.0,0.028564589770797212,n_prepositional_chains
14327,2.0,2.0,0.06570478363505505,n_prepositional_chains
4010,2.0,-2.0,0.06489867147400048,n_prepositional_chains
14551,2.0,-2.0,0.03769037946662493,n_prepositional_chains
28845,2.0,-2.0,0.05924818576297393,n_prepositional_chains
13042,2.0,-2.0,0.09250212060956542,n_prepositional_chains
22980,2.0,2.0,0.08641848611690617,n_prepositional_chains
31885,2.0,2.0,0.08587164300280299,n_prepositional_chains
21644,2.0,2.0,0.028303818096772026,n_prepositional_chains
2606,2.0,-2.0,0.04739178217373602,n_prepositional_chains
18437,2.0,2.0,0.057738705541487856,n_prepositional_chains
18133,2.0,-2.0,0.06388486248180968,n_prepositional_chains
22224,2.0,-2.0,0.09210827707026296,n_prepositional_chains
18653,2.0,2.0,0.04502445354517877,n_prepositional_chains
28536,2.0,2.0,0.08766386524135598,n_prepositional_chains
2055,2.0,-2.0,0.054526587483723334,n_prepositional_chains
22468,2.0,-2.0,0.030785843570739164,n_prepositional_chains
41617,2.0,-2.0,0.06875193450973026,n_prepositional_chains
45857,2.0,-2.0,0.03633875724042738,n_prepositional_chains
40474,2.0,-2.0,0.03745513313454155,n_prepositional_chains
12134,2.0,2.0,0.03930281740836659,n_prepositional_chains
10975,2.0,-2.0,0.08575655600808278,n_prepositional_chains
11577,2.0,2.0,0.05155521689207375,n_prepositional_chains
26944,2.0,-2.0,0.061750189537106114,n_prepositional_chains
44185,2.0,2.0,0.06449561728634434,n_prepositional_chains
27622,2.0,-2.0,0.048522516833191115,n_prepositional_chains
19481,2.0,-2.0,0.03546374819885333,n_prepositional_chains
4203,2.0,2.0,0.06216079050287583,n_prepositional_chains
5094,2.0,-2.0,0.06443846914538583,n_prepositional_chains
19799,2.0,-2.0,0.04551009616105061,n_prepositional_chains
24974,2.0,2.0,0.07783257790749346,n_prepositional_chains
22154,2.0,-2.0,0.061922788180439205,n_prepositional_chains
32878,2.0,-2.0,0.05074736269224791,n_prepositional_chains
18681,2.0,-2.0,0.043982871730573705,n_prepositional_chains
43564,2.0,-2.0,0.04937626333514308,n_prepositional_chains
13561,2.0,-2.0,0.05128191149277798,n_prepositional_chains
33026,2.0,-2.0,0.07289335867404448,n_prepositional_chains
25433,2.0,-2.0,0.08022091246243267,n_prepositional_chains
3034,2.0,-2.0,0.06536039381357026,n_prepositional_chains
19992,2.0,-2.0,0.06357687722401545,n_prepositional_chains
12472,2.0,-2.0,0.02032703979255262,n_prepositional_chains
1587,2.0,-2.0,0.06127753599842436,n_prepositional_chains
15182,2.0,2.0,0.07191471015204967,n_prepositional_chains
37453,2.0,-2.0,0.04532656180873388,n_prepositional_chains
30542,2.0,-2.0,0.06590424868644507,n_prepositional_chains
29605,2.0,2.0,0.04433133087555417,n_prepositional_chains
15236,2.0,2.0,0.04752015851193251,n_prepositional_chains
25036,2.0,-2.0,0.0524332141601538,n_prepositional_chains
28475,2.0,-2.0,0.08545156362312453,n_prepositional_chains
9061,2.0,-2.0,0.06991133283314496,n_prepositional_chains
37161,2.0,-2.0,0.08736713658467182,n_prepositional_chains
26931,2.0,-2.0,0.07780442695328409,n_prepositional_chains
40762,2.0,-2.0,0.05076147781035789,n_prepositional_chains
12558,2.0,2.0,0.05333370116677207,n_prepositional_chains
22724,2.0,-2.0,0.07533958465275845,n_prepositional_chains
37476,2.0,-2.0,0.060947488212821574,n_prepositional_chains
28113,2.0,2.0,0.05684835637650356,n_prepositional_chains
36437,2.0,2.0,0.07559324756047102,n_prepositional_chains
26724,2.0,-2.0,0.0352240267139257,n_prepositional_chains
28864,2.0,2.0,0.052353798949738906,n_prepositional_chains
36430,2.0,2.0,0.09309372932043232,n_prepositional_chains
8693,2.0,-2.0,0.07425485770233821,n_prepositional_chains
44148,2.0,-2.0,0.04983916738484887,n_prepositional_chains
50105,2.0,2.0,0.06762787679186397,n_prepositional_chains
50954,2.0,-2.0,0.07612229793278975,n_prepositional_chains
37014,2.0,-2.0,0.038403825295393816,n_prepositional_chains
13375,2.0,-2.0,0.05062803312820624,n_prepositional_chains
6521,2.0,-2.0,0.03479443250506305,n_prepositional_chains
11884,2.0,-2.0,0.10723118068573959,n_prepositional_chains
2617,2.0,-2.0,0.08508655861424622,n_prepositional_chains
49999,2.0,-2.0,0.0568663969447963,n_prepositional_chains
38527,2.0,2.0,0.06421546154374592,n_prepositional_chains
3078,2.0,-2.0,0.10383193830632768,n_prepositional_chains
17760,2.0,2.0,0.046603422737411394,n_prepositional_chains
9225,2.0,-2.0,0.058868503364215355,n_prepositional_chains
22112,2.0,2.0,0.040560464158960786,n_prepositional_chains
8880,2.0,-2.0,0.07134444949040983,n_prepositional_chains
12416,2.0,-2.0,0.03265738160832992,n_prepositional_chains
9351,2.0,-2.0,0.08514269943174255,n_prepositional_chains
17210,2.0,-2.0,0.038556384651988365,n_prepositional_chains
16306,2.0,-2.0,0.04924544586521553,n_prepositional_chains
39847,2.0,2.0,0.07622067031352843,n_prepositional_chains
6883,2.0,2.0,0.037695242518380585,n_prepositional_chains
20424,2.0,-2.0,0.04302607307833295,n_prepositional_chains
16119,2.075,2.075,0.07712539206032454,verbal_head_per_sent
10482,1.7777777777777777,1.7777777777777777,0.06142996414795583,verbal_head_per_sent
30437,1.7000000000000002,-1.7000000000000002,0.07970276363354604,verbal_head_per_sent
39866,1.541666666666667,-1.541666666666667,0.03228706315622818,verbal_head_per_sent
24834,1.475,1.475,0.061416003156285634,verbal_head_per_sent
14429,1.3928571428571432,1.3928571428571432,0.0706033114737015,verbal_head_per_sent
22542,1.375,-1.375,0.05118344095061792,verbal_head_per_sent
23578,1.35,-1.35,0.07306401332893528,verbal_head_per_sent
21187,1.3492063492063489,1.3492063492063489,0.06424465857835772,verbal_head_per_sent
32474,1.3472222222222223,-1.3472222222222223,0.10418962163136096,verbal_head_per_sent
11173,1.3333333333333335,1.3333333333333335,0.05614423921494562,verbal_head_per_sent
30693,1.2999999999999998,-1.2999999999999998,0.046994121883549574,verbal_head_per_sent
22882,1.2666666666666666,-1.2666666666666666,0.062255332047461344,verbal_head_per_sent
9594,1.2539682539682544,1.2539682539682544,0.0988983696974561,verbal_head_per_sent
31483,1.2222222222222219,-1.2222222222222219,0.04863857806669351,verbal_head_per_sent
20150,1.1749999999999998,1.1749999999999998,0.07129587946449438,verbal_head_per_sent
15392,1.1749999999999998,-1.1749999999999998,0.065167463241558,verbal_head_per_sent
28326,1.1749999999999998,1.1749999999999998,0.046189737987585376,verbal_head_per_sent
39969,1.1746031746031744,-1.1746031746031744,0.0835890759321885,verbal_head_per_sent
6619,1.1666666666666665,-1.1666666666666665,0.086812342055551,verbal_head_per_sent
14972,1.15,1.15,0.04718969606501287,verbal_head_per_sent
34862,1.125,-1.125,0.07567236711191226,verbal_head_per_sent
23624,1.125,1.125,0.05092841784781847,verbal_head_per_sent
16339,1.125,-1.125,0.05721621408492965,verbal_head_per_sent
34385,1.125,-1.125,0.0530892236576664,verbal_head_per_sent
24905,1.1111111111111116,-1.1111111111111116,0.05389793203779185,verbal_head_per_sent
13812,1.1111111111111112,-1.1111111111111112,0.08393788152466153,verbal_head_per_sent
1604,1.1111111111111112,-1.1111111111111112,0.043787181133043876,verbal_head_per_sent
39518,1.1111111111111107,-1.1111111111111107,0.06294517098919726,verbal_head_per_sent
36488,1.1111111111111107,-1.1111111111111107,0.09269231550147183,verbal_head_per_sent
15081,1.1111111111111107,-1.1111111111111107,0.03543769315079591,verbal_head_per_sent
38205,1.0952380952380958,1.0952380952380958,0.059213840007874344,verbal_head_per_sent
15927,1.0694444444444442,-1.0694444444444442,0.06974497947029751,verbal_head_per_sent
11,1.0505050505050506,1.0505050505050506,0.06997317792947358,verbal_head_per_sent
49634,1.031746031746032,-1.031746031746032,0.08074135942207047,verbal_head_per_sent
12561,1.025,1.025,0.07887652637600615,verbal_head_per_sent
22701,1.025,-1.025,0.08766875837679695,verbal_head_per_sent
9016,1.0202020202020203,-1.0202020202020203,0.06702901169151687,verbal_head_per_sent
3564,1.0138888888888888,1.0138888888888888,0.04894877315553286,verbal_head_per_sent
10305,1.0,1.0,0.08108246906836375,verbal_head_per_sent
22230,1.0,1.0,0.06329485263094804,verbal_head_per_sent
36842,1.0,-1.0,0.05913969718698311,verbal_head_per_sent
13655,1.0,-1.0,0.03959842787076099,verbal_head_per_sent
22700,1.0,-1.0,0.05959989185346224,verbal_head_per_sent
36942,0.9841269841269837,0.9841269841269837,0.07215273621925991,verbal_head_per_sent
43268,0.9750000000000001,0.9750000000000001,0.05958545966003388,verbal_head_per_sent
18589,0.9696969696969688,0.9696969696969688,0.08349411203557443,verbal_head_per_sent
1717,0.9583333333333335,0.9583333333333335,0.07714922059687947,verbal_head_per_sent
25062,0.9555555555555557,-0.9555555555555557,0.09768605356686935,verbal_head_per_sent
6545,0.9523809523809521,-0.9523809523809521,0.06746420785498922,verbal_head_per_sent
5422,0.9444444444444446,0.9444444444444446,0.05539476743097184,verbal_head_per_sent
21747,0.9333333333333336,-0.9333333333333336,0.05635710921306225,verbal_head_per_sent
6289,0.9333333333333336,-0.9333333333333336,0.0630224192235955,verbal_head_per_sent
38048,0.9333333333333336,0.9333333333333336,0.06959068809877217,verbal_head_per_sent
8003,0.9305555555555558,-0.9305555555555558,0.07164489852160463,verbal_head_per_sent
15467,0.9292929292929291,-0.9292929292929291,0.07322446661808543,verbal_head_per_sent
16111,0.8999999999999999,-0.8999999999999999,0.04824329514973018,verbal_head_per_sent
28436,0.8999999999999999,-0.8999999999999999,0.03472395514292016,verbal_head_per_sent
49530,0.8989898989898992,0.8989898989898992,0.0882165788050017,verbal_head_per_sent
19873,0.8928571428571432,0.8928571428571432,0.04227079944162742,verbal_head_per_sent
41151,0.8888888888888888,-0.8888888888888888,0.08198573290498273,verbal_head_per_sent
10607,0.8888888888888888,-0.8888888888888888,0.04866771283878508,verbal_head_per_sent
25427,0.8888888888888888,-0.8888888888888888,0.0886375114388516,verbal_head_per_sent
7658,0.8888888888888888,0.8888888888888888,0.06483066644155855,verbal_head_per_sent
6732,0.8787878787878785,-0.8787878787878785,0.06843342059968023,verbal_head_per_sent
42119,0.875,0.875,0.048800655657098665,verbal_head_per_sent
33012,0.8686868686868685,0.8686868686868685,0.07591072736456811,verbal_head_per_sent
29954,0.8611111111111112,-0.8611111111111112,0.061906676740716114,verbal_head_per_sent
43730,0.8555555555555556,0.8555555555555556,0.055065123094092984,verbal_head_per_sent
21422,0.8500000000000001,0.8500000000000001,0.09160365831364217,verbal_head_per_sent
13232,0.8472222222222223,-0.8472222222222223,0.0660584409397594,verbal_head_per_sent
40886,0.8444444444444441,-0.8444444444444441,0.06140361254829041,verbal_head_per_sent
46234,0.8333333333333335,-0.8333333333333335,0.0743234577744016,verbal_head_per_sent
41404,0.8333333333333335,-0.8333333333333335,0.04643855195866878,verbal_head_per_sent
48271,0.833333333333333,-0.833333333333333,0.036765615282141166,verbal_head_per_sent
16355,0.8282828282828287,0.8282828282828287,0.05791873802455971,verbal_head_per_sent
13051,0.8214285714285716,-0.8214285714285716,0.04797826942175994,verbal_head_per_sent
21942,0.8181818181818188,0.8181818181818188,0.064259654760734,verbal_head_per_sent
6852,0.8181818181818183,-0.8181818181818183,0.06990138705818083,verbal_head_per_sent
48877,0.8181818181818175,-0.8181818181818175,0.038694168263975266,verbal_head_per_sent
3596,0.8055555555555554,0.8055555555555554,0.07477973758476633,verbal_head_per_sent
5884,0.7999999999999998,0.7999999999999998,0.02913380279265204,verbal_head_per_sent
22116,0.7818181818181817,-0.7818181818181817,0.06318159258082144,verbal_head_per_sent
28917,0.7818181818181817,0.7818181818181817,0.05811925099188311,verbal_head_per_sent
34727,0.7777777777777777,0.7777777777777777,0.09881103255656647,verbal_head_per_sent
10638,0.7777777777777777,-0.7777777777777777,0.05067006110885251,verbal_head_per_sent
28400,0.7777777777777777,-0.7777777777777777,0.047998245466798414,verbal_head_per_sent
40066,0.7777777777777777,-0.7777777777777777,0.042076029339021645,verbal_head_per_sent
17642,0.7777777777777772,-0.7777777777777772,0.04124586290349569,verbal_head_per_sent
1495,0.7749999999999999,0.7749999999999999,0.0723168627472847,verbal_head_per_sent
36733,0.7692307692307692,-0.7692307692307692,0.04032654120255132,verbal_head_per_sent
42415,0.766666666666667,-0.766666666666667,0.07385835887236841,verbal_head_per_sent
37454,0.7638888888888888,-0.7638888888888888,0.035656595481073125,verbal_head_per_sent
21128,0.755555555555556,0.755555555555556,0.05042850542309764,verbal_head_per_sent
37664,0.7555555555555555,-0.7555555555555555,0.073662682941405,verbal_head_per_sent
13146,0.75,-0.75,0.0679022685260006,verbal_head_per_sent
7571,0.75,-0.75,0.07011509436682914,verbal_head_per_sent
17932,0.75,0.75,0.0602665925076154,verbal_head_per_sent
38522,0.75,-0.75,0.03957715564139932,verbal_head_per_sent
10616,0.746031746031746,-0.746031746031746,0.08541778240415425,verbal_head_per_sent
17439,0.7361111111111112,0.7361111111111112,0.06450544332710798,verbal_head_per_sent
9324,0.7250000000000001,-0.7250000000000001,0.06985393132926894,verbal_head_per_sent
36434,0.7250000000000001,-0.7250000000000001,0.1038321929253864,verbal_head_per_sent
36995,0.7250000000000001,0.7250000000000001,0.07990136555650122,verbal_head_per_sent
43008,0.7222222222222223,-0.7222222222222223,0.031506899324653795,verbal_head_per_sent
14655,0.7111111111111112,0.7111111111111112,0.05782244767627859,verbal_head_per_sent
41201,0.7111111111111112,-0.7111111111111112,0.06891651114498594,verbal_head_per_sent
37519,0.709090909090909,-0.709090909090909,0.03867321374699753,verbal_head_per_sent
7276,0.7083333333333335,0.7083333333333335,0.06868411516465842,verbal_head_per_sent
27716,0.7070707070707072,0.7070707070707072,0.061848371819527216,verbal_head_per_sent
18609,0.7070707070707072,-0.7070707070707072,0.07906810841741749,verbal_head_per_sent
21798,0.7000000000000002,0.7000000000000002,0.05391963959128121,verbal_head_per_sent
13430,0.6944444444444442,-0.6944444444444442,0.06206123894533365,verbal_head_per_sent
23942,0.6805555555555554,-0.6805555555555554,0.06679394243752286,verbal_head_per_sent
31487,0.6767676767676769,0.6767676767676769,0.07360280288024429,verbal_head_per_sent
477,0.6749999999999998,-0.6749999999999998,0.08924128234973752,verbal_head_per_sent
7202,0.6749999999999998,-0.6749999999999998,0.09626338527411676,verbal_head_per_sent
31923,0.6749999999999998,0.6749999999999998,0.06070078304774272,verbal_head_per_sent
22993,0.666666666666667,0.666666666666667,0.055959258462327285,verbal_head_per_sent
7873,0.6666666666666665,-0.6666666666666665,0.025298397956814163,verbal_head_per_sent
36344,0.6666666666666665,-0.6666666666666665,0.03528166936934753,verbal_head_per_sent
12630,0.6666666666666665,0.6666666666666665,0.05864325319835062,verbal_head_per_sent
49405,0.6666666666666665,0.6666666666666665,0.0685793644427227,verbal_head_per_sent
50720,0.6666666666666665,0.6666666666666665,0.05677638344871276,verbal_head_per_sent
12858,0.6666666666666665,0.6666666666666665,0.047244696696424324,verbal_head_per_sent
40954,0.6607142857142856,0.6607142857142856,0.07043803086045138,verbal_head_per_sent
22676,0.6565656565656566,0.6565656565656566,0.05964296766663342,verbal_head_per_sent
10156,0.6555555555555559,0.6555555555555559,0.0838604422516212,verbal_head_per_sent
50756,0.6507936507936503,-0.6507936507936503,0.059690367047716894,verbal_head_per_sent
21269,0.6499999999999999,0.6499999999999999,0.07000776672147117,verbal_head_per_sent
11410,0.6499999999999999,-0.6499999999999999,0.09342838481224351,verbal_head_per_sent
47911,0.6499999999999999,-0.6499999999999999,0.05833524350076073,verbal_head_per_sent
13026,0.6499999999999999,0.6499999999999999,0.052517873383984726,verbal_head_per_sent
36859,0.6464646464646462,-0.6464646464646462,0.06705505304197197,verbal_head_per_sent
28885,0.6454545454545455,-0.6454545454545455,0.04857306448019219,verbal_head_per_sent
43792,0.6444444444444444,-0.6444444444444444,0.064904263319974,verbal_head_per_sent
37230,0.6428571428571428,-0.6428571428571428,0.05434677582984946,verbal_head_per_sent
27114,0.6363636363636358,-0.6363636363636358,0.053518241850987205,verbal_head_per_sent
13949,0.6333333333333329,0.6333333333333329,0.04872802713486299,verbal_head_per_sent
2808,0.6333333333333329,-0.6333333333333329,0.05323388676357321,verbal_head_per_sent
29335,0.6333333333333329,0.6333333333333329,0.05414742860672088,verbal_head_per_sent
40500,0.625,0.625,0.08021250764869417,verbal_head_per_sent
16158,0.625,0.625,0.06341420227022879,verbal_head_per_sent
44085,0.625,-0.625,0.04399503829501474,verbal_head_per_sent
37398,0.625,0.625,0.06038955224015644,verbal_head_per_sent
47921,0.625,-0.625,0.08053310345440261,verbal_head_per_sent
17907,0.625,0.625,0.021597904863676375,verbal_head_per_sent
16192,0.625,-0.625,0.06577682367159293,verbal_head_per_sent
7835,0.625,-0.625,0.0489765403003782,verbal_head_per_sent
5788,0.6222222222222222,-0.6222222222222222,0.04728534112984489,verbal_head_per_sent
14746,0.6111111111111112,-0.6111111111111112,0.07551720014963104,verbal_head_per_sent
7463,0.6111111111111112,-0.6111111111111112,0.06862616339481067,verbal_head_per_sent
46513,0.6000000000000001,-0.6000000000000001,0.038518348673126535,verbal_head_per_sent
22716,0.6000000000000001,0.6000000000000001,0.05047572099645463,verbal_head_per_sent
1782,0.6000000000000001,-0.6000000000000001,0.04568621856666612,verbal_head_per_sent
48303,0.6000000000000001,0.6000000000000001,0.06462959051865996,verbal_head_per_sent
50766,0.5972222222222223,-0.5972222222222223,0.05367755000580689,verbal_head_per_sent
50139,0.5892857142857135,0.5892857142857135,0.061373247931250666,verbal_head_per_sent
12826,0.5777777777777775,-0.5777777777777775,0.05401136234485395,verbal_head_per_sent
35755,0.5777777777777775,0.5777777777777775,0.04915480335535276,verbal_head_per_sent
49581,0.5750000000000002,-0.5750000000000002,0.06519221455311955,verbal_head_per_sent
22377,0.5666666666666669,0.5666666666666669,0.08911832502134344,verbal_head_per_sent
43640,0.5656565656565657,0.5656565656565657,0.07111387966638207,verbal_head_per_sent
32655,0.5636363636363644,-0.5636363636363644,0.06497814248753077,verbal_head_per_sent
12444,0.5555555555555558,-0.5555555555555558,0.0716848014739274,verbal_head_per_sent
45486,0.5555555555555554,0.5555555555555554,0.03522816540161572,verbal_head_per_sent
40309,0.5555555555555554,-0.5555555555555554,0.04804956520106172,verbal_head_per_sent
23579,0.5535714285714284,-0.5535714285714284,0.06473169456805505,verbal_head_per_sent
24244,0.5535714285714279,-0.5535714285714279,0.06325257986142807,verbal_head_per_sent
1754,0.5357142857142856,0.5357142857142856,0.07118881493437365,verbal_head_per_sent
44734,0.5333333333333332,-0.5333333333333332,0.045376794044174044,verbal_head_per_sent
43839,0.5277777777777777,0.5277777777777777,0.05695177984786742,verbal_head_per_sent
39814,0.5277777777777777,-0.5277777777777777,0.043374322225762374,verbal_head_per_sent
14666,0.5249999999999999,0.5249999999999999,0.05257327937137649,verbal_head_per_sent
31393,0.5249999999999999,0.5249999999999999,0.042363379609970234,verbal_head_per_sent
24953,0.5249999999999999,0.5249999999999999,0.07683054852085554,verbal_head_per_sent
4043,0.5249999999999999,0.5249999999999999,0.0647529009860164,verbal_head_per_sent
33225,0.5238095238095237,-0.5238095238095237,0.07311475104668266,verbal_head_per_sent
5270,0.5222222222222221,-0.5222222222222221,0.07467688884301352,verbal_head_per_sent
27237,0.5166666666666666,-0.5166666666666666,0.09368743497344278,verbal_head_per_sent
4693,0.5151515151515147,-0.5151515151515147,0.05584317458134334,verbal_head_per_sent
187,0.5111111111111111,-0.5111111111111111,0.04369286700816324,verbal_head_per_sent
21419,0.5,0.5,0.08486685376262018,verbal_head_per_sent
43484,0.5,-0.5,0.04085305917139866,verbal_head_per_sent
19369,0.5,0.5,0.05643668832627028,verbal_head_per_sent
48000,0.5,-0.5,0.09569615190155126,verbal_head_per_sent
34215,0.5,-0.5,0.047276463551261735,verbal_head_per_sent
28595,0.5,-0.5,0.04575816928122879,verbal_head_per_sent
6243,0.5,0.5,0.06223677483309124,verbal_head_per_sent
38079,0.5,0.5,0.05006333026386496,verbal_head_per_sent
5785,0.5,-0.5,0.0714600406745359,verbal_head_per_sent
3906,0.5,0.5,0.05679135649015621,verbal_head_per_sent
32440,0.4920634920634921,-0.4920634920634921,0.08680135113668792,verbal_head_per_sent
21724,0.48611111111111116,-0.48611111111111116,0.05102805100944713,verbal_head_per_sent
44970,0.47777777777777786,-0.47777777777777786,0.060246428529893294,verbal_head_per_sent
50874,0.47777777777777786,0.47777777777777786,0.06012715407625291,verbal_head_per_sent
34820,0.47777777777777786,-0.47777777777777786,0.052553469695781244,verbal_head_per_sent
15348,0.4750000000000001,-0.4750000000000001,0.06510526635742626,verbal_head_per_sent
7851,0.4750000000000001,0.4750000000000001,0.06382978386135078,verbal_head_per_sent
4308,0.4750000000000001,0.4750000000000001,0.06001952325315966,verbal_head_per_sent
31730,0.4750000000000001,0.4750000000000001,0.08014416325688031,verbal_head_per_sent
14962,0.4750000000000001,-0.4750000000000001,0.07735915010860331,verbal_head_per_sent
3484,0.4750000000000001,-0.4750000000000001,0.05098592789125288,verbal_head_per_sent
5000,0.4750000000000001,0.4750000000000001,0.06170926157834693,verbal_head_per_sent
32335,0.47474747474747536,0.47474747474747536,0.06667629790310542,verbal_head_per_sent
46486,0.4747474747474749,0.4747474747474749,0.06719610290444063,verbal_head_per_sent
42443,0.4722222222222223,0.4722222222222223,0.039396547938352074,verbal_head_per_sent
49543,0.464646464646465,0.464646464646465,0.07722544924740227,verbal_head_per_sent
38893,0.464646464646465,0.464646464646465,0.05335925476448309,verbal_head_per_sent
28131,0.4583333333333335,-0.4583333333333335,0.07164897233674597,verbal_head_per_sent
50210,0.4545454545454546,-0.4545454545454546,0.04480424410467756,verbal_head_per_sent
49977,0.4545454545454546,-0.4545454545454546,0.06341045788684306,verbal_head_per_sent
15401,0.4500000000000002,0.4500000000000002,0.064721104890184,verbal_head_per_sent
7981,0.44444444444444464,-0.44444444444444464,0.04472999333712022,verbal_head_per_sent
8166,0.44444444444444464,-0.44444444444444464,0.08776456241226449,verbal_head_per_sent
15319,0.44444444444444464,0.44444444444444464,0.06722592736669672,verbal_head_per_sent
23526,0.44444444444444464,-0.44444444444444464,0.06050127116494103,verbal_head_per_sent
38101,0.44444444444444464,-0.44444444444444464,0.062863633189891,verbal_head_per_sent
28730,0.4405594405594411,-0.4405594405594411,0.05960259750757252,verbal_head_per_sent
49877,0.4363636363636356,-0.4363636363636356,0.043695934604559374,verbal_head_per_sent
31847,0.43434343434343425,0.43434343434343425,0.08491799795217636,verbal_head_per_sent
136,0.4333333333333331,-0.4333333333333331,0.05610459860830806,verbal_head_per_sent
20831,0.43055555555555536,-0.43055555555555536,0.08007647938659802,verbal_head_per_sent
21672,0.43055555555555536,0.43055555555555536,0.06043137702974457,verbal_head_per_sent
13471,0.43055555555555536,0.43055555555555536,0.05050192554953418,verbal_head_per_sent
49626,0.4249999999999998,0.4249999999999998,0.06492292531806126,verbal_head_per_sent
18729,0.4249999999999998,-0.4249999999999998,0.10655135967276945,verbal_head_per_sent
10426,0.4249999999999998,-0.4249999999999998,0.07451227020031562,verbal_head_per_sent
50044,0.4249999999999998,0.4249999999999998,0.0671130841855092,verbal_head_per_sent
46302,0.42424242424242387,-0.42424242424242387,0.07817760533587963,verbal_head_per_sent
32702,0.4222222222222225,-0.4222222222222225,0.0606203836071318,verbal_head_per_sent
2836,0.4166666666666665,-0.4166666666666665,0.051325489395719445,verbal_head_per_sent
46388,0.4166666666666665,-0.4166666666666665,0.04924623980805107,verbal_head_per_sent
5601,0.4141414141414135,0.4141414141414135,0.09050148045894832,verbal_head_per_sent
7010,0.41269841269841256,0.41269841269841256,0.07311099882682832,verbal_head_per_sent
2830,0.411111111111111,-0.411111111111111,0.07401595606860135,verbal_head_per_sent
29960,0.411111111111111,-0.411111111111111,0.06008825018992797,verbal_head_per_sent
227,0.411111111111111,0.411111111111111,0.046701167972132994,verbal_head_per_sent
16238,0.4027777777777777,-0.4027777777777777,0.05912399207181198,verbal_head_per_sent
22357,0.3999999999999999,-0.3999999999999999,0.03982025457233225,verbal_head_per_sent
11830,0.3999999999999999,-0.3999999999999999,0.026214582237214186,verbal_head_per_sent
31480,0.3999999999999999,0.3999999999999999,0.050109619697904687,verbal_head_per_sent
41550,0.3999999999999999,0.3999999999999999,0.040332962173831685,verbal_head_per_sent
39888,0.38888888888888884,-0.38888888888888884,0.05876087751869439,verbal_head_per_sent
27206,0.38888888888888884,-0.38888888888888884,0.04741726351542278,verbal_head_per_sent
13447,0.38888888888888884,0.38888888888888884,0.0558634760043597,verbal_head_per_sent
48984,0.38888888888888884,-0.38888888888888884,0.0372218704583709,verbal_head_per_sent
7703,0.3838383838383841,0.3838383838383841,0.0559056810814502,verbal_head_per_sent
25537,0.38181818181818183,-0.38181818181818183,0.06408563495453343,verbal_head_per_sent
2025,0.375,0.375,0.04548903420812467,verbal_head_per_sent
14265,0.375,-0.375,0.05671611333429727,verbal_head_per_sent
30249,0.375,-0.375,0.09070935929816354,verbal_head_per_sent
37726,0.375,0.375,0.07719076605723547,verbal_head_per_sent
9725,0.375,-0.375,0.052673670689570365,verbal_head_per_sent
12221,0.375,-0.375,0.055320588248584344,verbal_head_per_sent
2577,0.375,-0.375,0.06902073529390479,verbal_head_per_sent
29181,0.375,0.375,0.07165591301963703,verbal_head_per_sent
24933,0.375,-0.375,0.07833069051905014,verbal_head_per_sent
9782,0.375,0.375,0.060337762736760905,verbal_head_per_sent
43820,0.36666666666666714,-0.36666666666666714,0.0665470864657264,verbal_head_per_sent
16231,0.36666666666666714,-0.36666666666666714,0.05934617253471765,verbal_head_per_sent
25887,0.3650793650793651,-0.3650793650793651,0.05916903851656004,verbal_head_per_sent
41108,0.3636363636363642,-0.3636363636363642,0.05328495711350493,verbal_head_per_sent
42725,0.36111111111111116,-0.36111111111111116,0.10062884782521046,verbal_head_per_sent
44158,0.3555555555555552,-0.3555555555555552,0.07652372674242029,verbal_head_per_sent
9799,0.3500000000000001,-0.3500000000000001,0.06936169163148272,verbal_head_per_sent
11441,0.3500000000000001,0.3500000000000001,0.06700751181383294,verbal_head_per_sent
11495,0.3492063492063493,-0.3492063492063493,0.09985610386179405,verbal_head_per_sent
28674,0.3472222222222223,0.3472222222222223,0.06593000279615854,verbal_head_per_sent
38558,0.3472222222222223,0.3472222222222223,0.047849113576258775,verbal_head_per_sent
27271,0.3392857142857144,-0.3392857142857144,0.031234214368407592,verbal_head_per_sent
32046,0.3333333333333335,-0.3333333333333335,0.04949236542065238,verbal_head_per_sent
28521,0.3333333333333335,0.3333333333333335,0.029803823748787296,verbal_head_per_sent
40065,0.3333333333333335,-0.3333333333333335,0.048281551145524806,verbal_head_per_sent
40586,0.3333333333333335,0.3333333333333335,0.01574549114121886,verbal_head_per_sent
28103,0.3333333333333335,0.3333333333333335,0.03759942180418754,verbal_head_per_sent
1579,0.32727272727272716,-0.32727272727272716,0.05098186331109986,verbal_head_per_sent
22410,0.3250000000000002,-0.3250000000000002,0.06132124327398647,verbal_head_per_sent
36059,0.3250000000000002,0.3250000000000002,0.05009468399162009,verbal_head_per_sent
47251,0.31944444444444464,-0.31944444444444464,0.0832971393298833,verbal_head_per_sent
45279,0.31818181818181834,-0.31818181818181834,0.05612911100694116,verbal_head_per_sent
36526,0.3174603174603172,0.3174603174603172,0.08147285557309489,verbal_head_per_sent
31889,0.3174603174603168,-0.3174603174603168,0.06614532170812691,verbal_head_per_sent
3524,0.3035714285714288,0.3035714285714288,0.046056216313447404,verbal_head_per_sent
26101,0.3030303030303023,-0.3030303030303023,0.07148667107327786,verbal_head_per_sent
39974,0.30000000000000027,-0.30000000000000027,0.058172792362497984,verbal_head_per_sent
31403,0.2999999999999998,-0.2999999999999998,0.05331622735587425,verbal_head_per_sent
38128,0.2999999999999998,-0.2999999999999998,0.043205167875342385,verbal_head_per_sent
22019,0.2999999999999998,0.2999999999999998,0.04853345709506283,verbal_head_per_sent
17881,0.2999999999999998,0.2999999999999998,0.07056667772065363,verbal_head_per_sent
12085,0.2999999999999998,0.2999999999999998,0.02957544820204484,verbal_head_per_sent
20597,0.2999999999999998,-0.2999999999999998,0.03501012443277834,verbal_head_per_sent
13484,0.2999999999999998,0.2999999999999998,0.044651172507418076,verbal_head_per_sent
9732,0.28888888888888875,0.28888888888888875,0.04748337560336452,verbal_head_per_sent
1736,0.2857142857142856,0.2857142857142856,0.039477067258270174,verbal_head_per_sent
12279,0.28333333333333366,-0.28333333333333366,0.08511594445559628,verbal_head_per_sent
10297,0.28282828282828243,-0.28282828282828243,0.08611690929198461,verbal_head_per_sent
15850,0.2777777777777777,-0.2777777777777777,0.0774002468475403,verbal_head_per_sent
8630,0.2749999999999999,0.2749999999999999,0.09017316973841885,verbal_head_per_sent
21515,0.26666666666666705,-0.26666666666666705,0.05209513246173538,verbal_head_per_sent
46861,0.2666666666666666,-0.2666666666666666,0.062324388083705454,verbal_head_per_sent
19208,0.26388888888888884,0.26388888888888884,0.03260436172073269,verbal_head_per_sent
37937,0.26388888888888884,-0.26388888888888884,0.08207647628341447,verbal_head_per_sent
26035,0.262626262626263,0.262626262626263,0.06449760088134363,verbal_head_per_sent
35347,0.26262626262626254,-0.26262626262626254,0.04717808062914998,verbal_head_per_sent
8069,0.26262626262626254,-0.26262626262626254,0.07146493743476146,verbal_head_per_sent
20076,0.255555555555556,0.255555555555556,0.09438467892232563,verbal_head_per_sent
28205,0.25555555555555554,0.25555555555555554,0.05391528768761063,verbal_head_per_sent
34054,0.25252525252525304,0.25252525252525304,0.04861209976355985,verbal_head_per_sent
48604,0.25,-0.25,0.03613247481360462,verbal_head_per_sent
38713,0.25,-0.25,0.02983359271567939,verbal_head_per_sent
8704,0.25,0.25,0.040669858981353654,verbal_head_per_sent
20083,0.25,0.25,0.035149345892965075,verbal_head_per_sent
4119,0.25,-0.25,0.05211138333218137,verbal_head_per_sent
18551,0.25,0.25,0.05151062084735451,verbal_head_per_sent
35193,0.25,-0.25,0.029793181484865334,verbal_head_per_sent
34467,0.25,-0.25,0.07008429388723234,verbal_head_per_sent
39456,0.25,0.25,0.05357303894689762,verbal_head_per_sent
42548,0.25,-0.25,0.035449073098627146,verbal_head_per_sent
49718,0.25,-0.25,0.12421700459697285,verbal_head_per_sent
21590,0.25,0.25,0.05899813107395767,verbal_head_per_sent
4207,0.25,-0.25,0.05124542139857942,verbal_head_per_sent
49994,0.2454545454545456,-0.2454545454545456,0.05997442707997043,verbal_head_per_sent
12302,0.2454545454545456,-0.2454545454545456,0.040207511628368574,verbal_head_per_sent
7921,0.24444444444444446,0.24444444444444446,0.03264703302253573,verbal_head_per_sent
17065,0.24444444444444402,-0.24444444444444402,0.03978053671559577,verbal_head_per_sent
38926,0.2424242424242422,0.2424242424242422,0.07432193975329858,verbal_head_per_sent
9975,0.23809523809523903,0.23809523809523903,0.0761493266269937,verbal_head_per_sent
48748,0.23611111111111116,0.23611111111111116,0.061277829035600306,verbal_head_per_sent
19733,0.23611111111111116,-0.23611111111111116,0.07122764165594861,verbal_head_per_sent
42979,0.23611111111111116,0.23611111111111116,0.0487821197990726,verbal_head_per_sent
2681,0.23611111111111116,0.23611111111111116,0.06324629839206339,verbal_head_per_sent
48067,0.2333333333333334,-0.2333333333333334,0.04185205010139008,verbal_head_per_sent
44938,0.2333333333333334,0.2333333333333334,0.053894459558542995,verbal_head_per_sent
47395,4.265613313388183,4.265613313388183,0.07211802466010023,upos_dist_SYM
23765,2.73972602739726,2.73972602739726,0.051083849252683236,upos_dist_SYM
26292,2.542372881355932,-2.542372881355932,0.05226076714165264,upos_dist_SYM
35752,2.479338842975207,2.479338842975207,0.06427252465164719,upos_dist_SYM
46909,2.3255813953488373,2.3255813953488373,0.07731108482727014,upos_dist_SYM
38293,2.192982456140351,2.192982456140351,0.04439981009456502,upos_dist_SYM
322,2.155172413793104,2.155172413793104,0.06608787282138953,upos_dist_SYM
18004,1.7391304347826086,1.7391304347826086,0.034907507407536814,upos_dist_SYM
17435,1.6194331983805668,1.6194331983805668,0.04805876933721123,upos_dist_SYM
51685,1.36986301369863,1.36986301369863,0.07316110584573766,upos_dist_SYM
35053,1.327433628318584,1.327433628318584,0.06323380977892692,upos_dist_SYM
12729,1.327433628318584,1.327433628318584,0.08345513783415068,upos_dist_SYM
20749,1.293103448275862,1.293103448275862,0.09010965810385306,upos_dist_SYM
13058,1.2552301255230125,1.2552301255230125,0.05127665333019941,upos_dist_SYM
229,1.214574898785425,1.214574898785425,0.04314317655181833,upos_dist_SYM
42452,0.9569377990430622,0.9569377990430622,0.0546746280820659,upos_dist_SYM
24524,0.9478672985781992,0.9478672985781992,0.06486052404376225,upos_dist_SYM
36463,0.9174311926605504,0.9174311926605504,0.03989953172682877,upos_dist_SYM
30639,0.9009009009009008,0.9009009009009008,0.06472819862942963,upos_dist_SYM
43361,0.9009009009009008,0.9009009009009008,0.068667472425363,upos_dist_SYM
26277,0.8547008547008547,0.8547008547008547,0.05827767456812384,upos_dist_SYM
27359,0.8547008547008547,0.8547008547008547,0.046679895621394275,upos_dist_SYM
25365,0.8403361344537815,0.8403361344537815,0.07803223545952777,upos_dist_SYM
14318,0.8163265306122449,0.8163265306122449,0.06768299094194348,upos_dist_SYM
28541,0.5347593582887701,0.5347593582887701,0.07043469190663851,upos_dist_SYM
4759,0.5208333333333334,0.5208333333333334,0.08098233033459543,upos_dist_SYM
5994,0.46550671550671563,0.46550671550671563,0.06998075236088239,upos_dist_SYM
31501,0.4651162790697674,0.4651162790697674,0.058094179051041396,upos_dist_SYM
685,0.4642196781934772,-0.4642196781934772,0.06717557446062469,upos_dist_SYM
40406,0.45662100456621,0.45662100456621,0.07212831901015712,upos_dist_SYM
37968,0.4504504504504504,0.4504504504504504,0.02651965890974437,upos_dist_SYM
7017,0.4504504504504504,0.4504504504504504,0.05271558618782731,upos_dist_SYM
5189,0.4310344827586206,-0.4310344827586206,0.08633681936948985,upos_dist_SYM
2775,0.4291845493562232,0.4291845493562232,0.0645853111872274,upos_dist_SYM
44502,0.4273504273504273,-0.4273504273504273,0.041502123338823374,upos_dist_SYM
8369,0.425531914893617,-0.425531914893617,0.031515700911995764,upos_dist_SYM
51596,0.4219409282700422,0.4219409282700422,0.06224890810947227,upos_dist_SYM
40683,0.4219409282700422,-0.4219409282700422,0.05072986409099965,upos_dist_SYM
31611,0.4201680672268907,-0.4201680672268907,0.07263086547561579,upos_dist_SYM
49758,0.4184100418410041,0.4184100418410041,0.06206528717226012,upos_dist_SYM
11258,0.41831950955643693,-0.41831950955643693,0.051656518518236424,upos_dist_SYM
39598,0.4166666666666667,0.4166666666666667,0.061215284013546055,upos_dist_SYM
50662,0.4132231404958678,0.4132231404958678,0.06495907065475315,upos_dist_SYM
17891,0.411522633744856,-0.411522633744856,0.051812777258250106,upos_dist_SYM
22932,0.4081632653061224,0.4081632653061224,0.05389473648786516,upos_dist_SYM
807,0.4081632653061224,-0.4081632653061224,0.044811369864152364,upos_dist_SYM
49260,0.4065040650406504,0.4065040650406504,0.04339483436913344,upos_dist_SYM
25297,0.4065040650406504,0.4065040650406504,0.03283013370847927,upos_dist_SYM
18717,0.4065040650406504,0.4065040650406504,0.05748992976100573,upos_dist_SYM
27310,0.4016064257028112,0.4016064257028112,0.049764051875502355,upos_dist_SYM
47237,0.4016064257028112,-0.4016064257028112,0.06133389396027208,upos_dist_SYM
33014,0.398406374501992,0.398406374501992,0.05541780934746797,upos_dist_SYM
12737,0.3759398496240601,0.3759398496240601,0.046917819603875595,upos_dist_SYM
37982,0.36896179826304165,-0.36896179826304165,0.05895407055692496,upos_dist_SYM
48311,5.016375545851528,5.016375545851528,0.08471063717879745,upos_dist_ADP
50858,4.918032786885243,4.918032786885243,0.03797334052732869,upos_dist_ADP
2961,4.829755736491489,4.829755736491489,0.08182390260427057,upos_dist_ADP
29568,4.524336283185839,4.524336283185839,0.03666630629419366,upos_dist_ADP
18602,4.003507767198797,4.003507767198797,0.08085082766364497,upos_dist_ADP
4807,3.7512495396432897,3.7512495396432897,0.06504845387194126,upos_dist_ADP
38004,3.7425261584454406,3.7425261584454406,0.04583617054642569,upos_dist_ADP
48515,3.520117516391389,3.520117516391389,0.04111062520468283,upos_dist_ADP
8098,3.4842758063924286,-3.4842758063924286,0.04397308726922575,upos_dist_ADP
41533,3.4297520661157046,3.4297520661157046,0.06678921789202096,upos_dist_ADP
27990,3.253282858156867,-3.253282858156867,0.023685547813520738,upos_dist_ADP
27683,2.9517202018940942,2.9517202018940942,0.05446121998056554,upos_dist_ADP
31946,2.886867851729365,2.886867851729365,0.04260780025772971,upos_dist_ADP
34085,2.857853500808357,2.857853500808357,0.05300770784979273,upos_dist_ADP
10580,2.7743120537880355,2.7743120537880355,0.032619425996709396,upos_dist_ADP
5991,2.7018321680971606,2.7018321680971606,0.06920594687524087,upos_dist_ADP
40387,2.6984126984126977,2.6984126984126977,0.03698401672538676,upos_dist_ADP
40822,2.6892828579045602,2.6892828579045602,0.07516579814461535,upos_dist_ADP
36814,2.619056682781986,-2.619056682781986,0.050875722310385715,upos_dist_ADP
41730,2.5579269364649644,2.5579269364649644,0.06588317447718056,upos_dist_ADP
41537,2.429822993026999,2.429822993026999,0.0637030788376088,upos_dist_ADP
7232,2.3718093517054424,2.3718093517054424,0.04393563772804434,upos_dist_ADP
15579,2.3253983867794608,2.3253983867794608,0.03669980696234536,upos_dist_ADP
39140,2.318527867117208,2.318527867117208,0.07551736736103898,upos_dist_ADP
36461,2.290542604092436,-2.290542604092436,0.060804313740618864,upos_dist_ADP
30939,2.2370332393403416,2.2370332393403416,0.044681017543871535,upos_dist_ADP
45880,2.236839680872624,-2.236839680872624,0.032309109005746406,upos_dist_ADP
22161,2.223171281467245,2.223171281467245,0.08669400895153286,upos_dist_ADP
47177,2.213715720824726,2.213715720824726,0.07116307940423341,upos_dist_ADP
26608,2.2072162870389054,-2.2072162870389054,0.05386967821888535,upos_dist_ADP
43991,2.206661280186731,2.206661280186731,0.048909716639338394,upos_dist_ADP
2940,2.147175317907026,2.147175317907026,0.07111760612717079,upos_dist_ADP
44508,2.1375098502758085,2.1375098502758085,0.07512372681706034,upos_dist_ADP
5790,2.092050209205021,-2.092050209205021,0.04735871988776043,upos_dist_ADP
8904,2.0782461456198194,2.0782461456198194,0.0846350118771761,upos_dist_ADP
28329,2.053571428571429,-2.053571428571429,0.03488743191176865,upos_dist_ADP
33205,1.9851116625310175,1.9851116625310175,0.05401356283298062,upos_dist_ADP
41235,1.9461168886456228,1.9461168886456228,0.04934305324615649,upos_dist_ADP
51703,1.8961296035838924,1.8961296035838924,0.069442350026183,upos_dist_ADP
33803,1.8461723495098923,1.8461723495098923,0.08533116011835284,upos_dist_ADP
15679,1.8049978558340802,1.8049978558340802,0.05406425420494223,upos_dist_ADP
29780,1.672812783923895,-1.672812783923895,0.03019970058033865,upos_dist_ADP
29323,1.6462315182113247,-1.6462315182113247,0.058213337505156115,upos_dist_ADP
37618,1.612903225806452,-1.612903225806452,0.03991722391481285,upos_dist_ADP
6508,1.594178655068589,1.594178655068589,0.05271997062905502,upos_dist_ADP
51561,1.5915457091927667,-1.5915457091927667,0.039456826914799376,upos_dist_ADP
37087,1.5417000801924612,-1.5417000801924612,0.059187151555549655,upos_dist_ADP
47243,1.535616324495054,1.535616324495054,0.04125305275694453,upos_dist_ADP
47169,1.516598996895155,1.516598996895155,0.05411712237492629,upos_dist_ADP
47186,1.5113487560017465,1.5113487560017465,0.028544197886020556,upos_dist_ADP
20360,1.5074992347719594,1.5074992347719594,0.08020674337381235,upos_dist_ADP
10434,1.4705882352941178,1.4705882352941178,0.040646482238652346,upos_dist_ADP
31058,1.4669652855543136,1.4669652855543136,0.06929329311263369,upos_dist_ADP
2685,1.4450354609929095,-1.4450354609929095,0.07698507668905412,upos_dist_ADP
44700,1.432436734044245,-1.432436734044245,0.041442768996455284,upos_dist_ADP
46005,1.4019669386901032,-1.4019669386901032,0.0566544542040053,upos_dist_ADP
32100,1.3640805159273004,1.3640805159273004,0.044264126376164954,upos_dist_ADP
48959,1.323877068557918,-1.323877068557918,0.0880449788895364,upos_dist_ADP
25278,1.2911079866945574,-1.2911079866945574,0.04965331152961513,upos_dist_ADP
24005,1.2701727738750712,1.2701727738750712,0.0410782653666756,upos_dist_ADP
14364,1.260504201680675,1.260504201680675,0.051018796429258786,upos_dist_ADP
39982,1.2298603651987108,1.2298603651987108,0.11201536837790896,upos_dist_ADP
42213,1.2133891213389116,1.2133891213389116,0.05282406516081589,upos_dist_ADP
40165,1.171421195301404,1.171421195301404,0.06366122004608954,upos_dist_ADP
22072,1.163171690694627,1.163171690694627,0.05140869005562929,upos_dist_ADP
31247,1.133322520476849,-1.133322520476849,0.0624749629772265,upos_dist_ADP
36783,1.1214066708451202,1.1214066708451202,0.05417297928515748,upos_dist_ADP
27177,1.0629395531024635,1.0629395531024635,0.04738981141616179,upos_dist_ADP
20921,28.88888888888889,28.88888888888889,0.045024069598590406,verbs_form_dist_Inf
48302,28.070175438596493,28.070175438596493,0.03860566772055259,verbs_form_dist_Inf
9576,25.925925925925927,25.925925925925927,0.027543471889522275,verbs_form_dist_Inf
8529,21.08695652173913,-21.08695652173913,0.05257149269195632,verbs_form_dist_Inf
37480,18.452380952380956,18.452380952380956,0.06752548751222273,verbs_form_dist_Inf
6873,17.948717948717952,17.948717948717952,0.06211508196823621,verbs_form_dist_Inf
19288,17.832167832167826,17.832167832167826,0.06248442656541196,verbs_form_dist_Inf
25643,16.307692307692307,16.307692307692307,0.047890771616583755,verbs_form_dist_Inf
51189,15.94202898550725,15.94202898550725,0.06657139012397238,verbs_form_dist_Inf
48341,15.806451612903224,-15.806451612903224,0.08855154198392855,verbs_form_dist_Inf
29775,15.584415584415584,15.584415584415584,0.08247213229300845,verbs_form_dist_Inf
30600,14.242424242424237,14.242424242424237,0.02558172915235123,verbs_form_dist_Inf
11029,13.548387096774194,13.548387096774194,0.032006582076104365,verbs_form_dist_Inf
13327,13.0,13.0,0.05499632334337308,verbs_form_dist_Inf
18967,12.3342175066313,12.3342175066313,0.03238862140326572,verbs_form_dist_Inf
19968,12.0617110799439,12.0617110799439,0.07947257661479412,verbs_form_dist_Inf
25952,11.904761904761905,11.904761904761905,0.04788039391048195,verbs_form_dist_Inf
15021,11.637931034482762,-11.637931034482762,0.09215727732777226,verbs_form_dist_Inf
12340,11.19047619047619,11.19047619047619,0.06586403718601458,verbs_form_dist_Inf
46939,11.038961038961041,11.038961038961041,0.05781894935602492,verbs_form_dist_Inf
4230,10.92436974789916,-10.92436974789916,0.01797623846797746,verbs_form_dist_Inf
159,10.714285714285714,-10.714285714285714,0.08141718133864483,verbs_form_dist_Inf
5996,10.181818181818183,-10.181818181818183,0.05450273572936302,verbs_form_dist_Inf
4065,9.502262443438912,9.502262443438912,0.09727664531953865,verbs_form_dist_Inf
35731,9.333333333333332,9.333333333333332,0.055649145731621885,verbs_form_dist_Inf
24671,8.892921960072595,-8.892921960072595,0.05259763188448617,verbs_form_dist_Inf
43463,8.8455772113943,8.8455772113943,0.07647108036594362,verbs_form_dist_Inf
6474,8.181818181818183,8.181818181818183,0.0635274285670137,verbs_form_dist_Inf
33480,8.07692307692308,-8.07692307692308,0.06945573305973612,verbs_form_dist_Inf
29219,7.977207977207976,-7.977207977207976,0.04839472870765301,verbs_form_dist_Inf
46296,7.0,7.0,0.07793309995840467,verbs_form_dist_Inf
13009,6.666666666666667,-6.666666666666667,0.035082824757673416,verbs_form_dist_Inf
27754,6.625,6.625,0.08872987857163503,verbs_form_dist_Inf
45253,6.1302681992337185,-6.1302681992337185,0.049912183810126104,verbs_form_dist_Inf
34807,6.129032258064516,-6.129032258064516,0.03743080126572454,verbs_form_dist_Inf
11121,6.093189964157705,6.093189964157705,0.010244586715909259,verbs_form_dist_Inf
19624,6.0,6.0,0.016230296259671068,verbs_form_dist_Inf
12695,5.824175824175824,5.824175824175824,0.07049875783066384,verbs_form_dist_Inf
6692,2.930131004366812,-2.930131004366812,0.056895604331692676,upos_dist_CCONJ
25044,2.559317515329246,-2.559317515329246,0.0811863306866479,upos_dist_CCONJ
11204,2.2628687102371314,-2.2628687102371314,0.062300400231406115,upos_dist_CCONJ
21057,2.262626262626263,2.262626262626263,0.05148671278590054,upos_dist_CCONJ
37154,2.0558715289394445,-2.0558715289394445,0.04269755324793431,upos_dist_CCONJ
51282,1.9950738916256159,-1.9950738916256159,0.052488644539161966,upos_dist_CCONJ
33942,1.681220515908863,-1.681220515908863,0.06240058318564046,upos_dist_CCONJ
25223,1.5545803993604794,-1.5545803993604794,0.04917934814774098,upos_dist_CCONJ
10650,1.5531003682780915,1.5531003682780915,0.08027810561462159,upos_dist_CCONJ
15352,1.1698379140239608,-1.1698379140239608,0.05947363938511464,upos_dist_CCONJ
29791,1.164686699277894,-1.164686699277894,0.06472381582428156,upos_dist_CCONJ
10016,0.9586493060523682,0.9586493060523682,0.06183115227394562,upos_dist_CCONJ
18491,1.9736842105263168,-1.9736842105263168,0.0461565862701839,upos_dist_VERB
11494,1.262578317827984,-1.262578317827984,0.058184446833662654,upos_dist_VERB
23558,10.37037037037037,-10.37037037037037,0.058016910800375146,verbs_form_dist_Ger
6683,8.188585607940446,8.188585607940446,0.07082017756709744,verbs_form_dist_Ger
